product_name,product_url
Sparx Men's Sc0162g Sneakers,https://m.media-amazon.com/images/I/71xWtLhH2GL._SX695_.jpg
Puma Womens Kendall WNS Running Shoe,https://m.media-amazon.com/images/I/61C+Y9zoAQL._SY695_.jpg
Nivia Men's Combat 2.0 Basketball Shoes,https://m.media-amazon.com/images/I/71YG7EClYfL._SX679_.jpg
adidas Mens Amalgo M Running Shoe,https://m.media-amazon.com/images/I/81ATe15IyHL._SX695_.jpg
Red Tape Casual Sneaker Shoes for Men,https://m.media-amazon.com/images/I/61OBcY37KXL._SY695_.jpg
Bata Mens MaxUniform Dress Shoe,https://m.media-amazon.com/images/I/710+f7XX2FL._SY695_.jpg
SPARX Mens Sx0675g Walking Shoe,https://m.media-amazon.com/images/I/71u2XOFXAIL._SX695_.jpg
Campus Stack Sneakers for Men,https://m.media-amazon.com/images/I/61U0BBQYhrL._SY695_.jpg
ADIDAS Mens Regular Fit M Sereno Bos T2 Jerseys,https://m.media-amazon.com/images/I/71IQc8cAIQL._SX569_.jpg
adidas Men's Regular Fit M D2M Polo,https://m.media-amazon.com/images/I/71fKZrHSO9L._SX569_.jpg
Puma Men's Solid Regular Fit T-Shirt,https://m.media-amazon.com/images/I/71FAiQfnqSL._SX569_.jpg
Puma Men's Regular fit T-Shirt,https://m.media-amazon.com/images/I/61z4pzDQROL._SX569_.jpg
Puma Men's T-Shirt,https://m.media-amazon.com/images/I/71N-eWQzzjL._SX569_.jpg
Reebok Men's Regular Fit T-Shirt,https://m.media-amazon.com/images/I/51-FneXbwrL._SY741_.jpg
Dennis Lingo Men's Cotton Buffalo Check Slim Fit Casual Shirt with Pocket,https://m.media-amazon.com/images/I/51oqHcH9mcL._SY741_.jpg
Thomas Scott Men's Smart Slim Fit Band Collar Pure Cotton Denim Casual Overdyed Shirt,https://m.media-amazon.com/images/I/61a9DdTG-sL._SY741_.jpg
Lymio Men T-Shirt,https://m.media-amazon.com/images/I/71x4rLhMkML._SY741_.jpg
GRECIILOOKS Track Pant for Men,https://m.media-amazon.com/images/I/51rgGjt-lnL._SY741_.jpg
U.S. Polo Assn. Men Signature Logo Pure Cotton,https://m.media-amazon.com/images/I/61fRzTKtwAL._SX569_.jpg
VIMAL JONNEY Men's Slim Track Pants,https://m.media-amazon.com/images/I/71aNV7oOkmL._SX679_.jpg
Fastrack Casual Analog White Dial Men's Watch,https://m.media-amazon.com/images/I/51Z3J7uzNfL._SX679_.jpg
Sonata Men Leather Analog White Dial Watch,https://m.media-amazon.com/images/I/71QvcBxXXxL._SY741_.jpg
Casio Men Stainless Steel Analog Black Dial Watch,https://m.media-amazon.com/images/I/61hpIjX15vL._SX679_.jpg
Titan Analog Silver Dial Gold Band Mens Stainless Steel Watch,https://m.media-amazon.com/images/I/81lfqanrciL._SY741_.jpg
Fire-Boltt Ninja Call Pro Plus 1.83 Smart Watch with Bluetooth Calling,https://m.media-amazon.com/images/I/61AHiYyu3ZL._SX679_.jpg
Milton Prudent 1100 Thermosteel 24 Hours Hot and Cold Water Bottle,https://m.media-amazon.com/images/I/71TLCsrjEnL._SX679_.jpg
MILTON Aqua 500 Stainless Steel Water Bottle 500-ml Light-Pink,https://m.media-amazon.com/images/I/51AOvn+e1QL._SX679_.jpg
"Redmi 12 (Moonstone Silver,6GB RAM, 128GB Storage)",https://m.media-amazon.com/images/I/71ij5dqxbeL._SX679_.jpg
"Redmi A3 (Olive Green, 3GB RAM, 64GB Storage)",https://m.media-amazon.com/images/I/71dJSabHYiL._SX679_.jpg
Apple Iphone-14,https://m.media-amazon.com/images/I/51Sn5X2gfaL._SX679_.jpg
Apple Iphone 15-pro Max,https://m.media-amazon.com/images/I/61Jrsu9d3-L._SX679_.jpg
Iphone Case-cover,https://m.media-amazon.com/images/I/51pPPth9kyL._SX679_.jpg
One Plus Nord3,https://m.media-amazon.com/images/I/51opW+tODpL._SY741_.jpg
One Plus CE4,https://m.media-amazon.com/images/I/51jCor3c-EL._SX679_.jpg
One plus CE3,https://m.media-amazon.com/images/I/510YZx4v3wL._SX679_.jpg
Samsung galaxy,https://m.media-amazon.com/images/I/71td5npKu6L._SY741_.jpg
Apple MacBook Air Laptop M1 chip,https://m.media-amazon.com/images/I/71jG+e7roXL._SX679_.jpg
HP Laptop 15s,https://m.media-amazon.com/images/I/71oQh8WFlyL._SX679_.jpg
HP Laptop 15,https://m.media-amazon.com/images/I/61Cs3B5GHhL._SX679_.jpg
"Samsung Galaxy M34 5G (Prism Silver,6GB,128GB)",https://m.media-amazon.com/images/I/91ItZJh1FDL._AC_UY218_.jpg
DELL Latitude 5490 Core i5 8th Gen Laptop,https://m.media-amazon.com/images/I/418cc1MvF1L._SX679_.jpg
Dell 14 Thin & Light Laptop,https://m.media-amazon.com/images/I/71Eu1-dfTmL._SX679_.jpg
ASUS VivoBook 15 (2021) Thin and Light Laptop,https://m.media-amazon.com/images/I/71lYhcc++AL._SX679_.jpg
Lenovo ThinkPad E14 Intel Core i5 12th Gen 14 FHD Thin and Light Laptop,https://m.media-amazon.com/images/I/617Af4lsBNL._SX679_.jpg
Lenovo ThinkPad E14 Intel Core i3 12th Gen 14 FHD Thin and Light Laptop,https://m.media-amazon.com/images/I/518BYF8LHRL._SY450_.jpg
ASUS Vivobook Pro 15 AMD Ryzen 7,https://m.media-amazon.com/images/I/61eTPcEsC+L._SX679_.jpg
Lenovo Yoga Slim 7 Pro Intel Evo Core i5-11320H,https://m.media-amazon.com/images/I/51qPrXE56-L._SX679_.jpg
LG 164 cm (65 inches) 4K Ultra HD Smart LED TV,https://m.media-amazon.com/images/I/8195aYGDl9L._SX450_.jpg
Samsung 108 cm (43 inches) D Series Crystal 4K Vivid Pro Ultra HD Smart LED TV,https://m.media-amazon.com/images/I/81aKi8uAUsL._SX450_.jpg
Samsung 80 cm (32 inches) HD Ready Smart LED,https://m.media-amazon.com/images/I/71S8iUPW9bL._SX450_.jpg
MI 108 cm (43 inches) A Series Full HD Smart Google TV L43M8-5AIN,https://m.media-amazon.com/images/I/71UXTb93oZL._SX450_.jpg
Samsung 108 cm (43 inches) Full HD Smart LED TV,https://m.media-amazon.com/images/I/91mRUNnqqnL._SX569_.jpg
Acer 100 cm (40 inches) Advanced I Series Full HD Smart LED Google TV ,https://m.media-amazon.com/images/I/5126gXnEjFL._SX450_.jpg
VW 80 cm (32 inches) Frameless Series HD Ready Android Smart LED TV VW32S (Black),https://m.media-amazon.com/images/I/717oSOB4hCL._AC_UY218_.jpg
Sony Bravia 164 cm (65 inches) 4K Ultra HD Smart LED Google TV KD,https://m.media-amazon.com/images/I/81MRU+3RJLL._SX450_.jpg
TCL 139 cm (55 inches) Metallic Bezel-Less Series 4K Ultra HD Smart LED Google TV,https://m.media-amazon.com/images/I/71N7mwf1C7L._AC_UY218_.jpg
Sony Bravia 80 cm (32 inches) HD Ready Smart LED Google TV,https://m.media-amazon.com/images/I/71EcYIKenVL._SX450_.jpg
Owala FreeSip Insulated Stainless Steel Water Bottle with Straw,https://m.media-amazon.com/images/I/71XJK6bWJKL._AC_UL480_FMwebp_QL65_.jpg
"Gatorade Gx, Marble Blue, 30 Oz",https://m.media-amazon.com/images/I/81VUG3Eh5ZL._AC_UL480_FMwebp_QL65_.jpg
"Sahara Sailor Water Bottles, 32oz Motivational Sports Water Bottle with Time Marker",https://m.media-amazon.com/images/I/615wnuU9ZqL._AC_UL480_FMwebp_QL65_.jpg
"Insulated Water Bottle 64 oz, Triple Wall Vacuum Stainless Steel (Cold for 48 Hrs)",https://m.media-amazon.com/images/I/71vE0KfTNQL._AC_UL480_FMwebp_QL65_.jpg
"HYDRO CELL Stainless Steel Insulated Water Bottle with Straw",https://m.media-amazon.com/images/I/71ua0aLCE2L._AC_UL480_FMwebp_QL65_.jpg
"50 Strong Bulk Water Bottles | 24 Pack Sports Bottle",https://m.media-amazon.com/images/I/71VMAGCc7OL._AC_UL960_FMwebp_QL65_.jpg
"AQUAFIT 1 Gallon Water Bottle With Time Marker - Straw & Chug Lid",https://m.media-amazon.com/images/I/81mLuArYaqL._AC_UL480_FMwebp_QL65_.jpg
"Under Armour Playmaker Sport Jug, Water Bottle with Handle, Foam Insulated & Leak Resistant",https://m.media-amazon.com/images/I/61PQRMZMhWL._AC_UL480_FMwebp_QL65_.jpg
BUTABY Rectangle Sunglasses for Women Retro Driving,https://m.media-amazon.com/images/I/719G6MA0A8L._AC_UL480_FMwebp_QL65_.jpg
SOJOS Classic Square Sunglasses for Women Men with Spring Hinge Sunnies SJ1137,https://m.media-amazon.com/images/I/61OvsRHucQL._AC_UL480_FMwebp_QL65_.jpg
WearMe Pro - Reflective Lens Round Trendy Sunglasses,https://m.media-amazon.com/images/I/71U8Ot3tx+L._AC_UL480_FMwebp_QL65_.jpg
MERRY'S Unisex Polarized Aluminum Sunglasses,https://m.media-amazon.com/images/I/51X-dwiFqAL._AC_UL480_FMwebp_QL65_.jpg
Joopin Square Sunglasses Polarized UV Protection Trendy Designer Sun Glasses Men Women,https://m.media-amazon.com/images/I/519NQwNO96L._AC_UL480_FMwebp_QL65_.jpg
Eyegla Wholesale Sunglasses Bulk for Adults Party Favors Retro Classic Shades,https://m.media-amazon.com/images/I/71WcWVcKmnL._AC_UL480_FMwebp_QL65_.jpg
VANLINKER Thick Square Sunglasses for Men Women,https://m.media-amazon.com/images/I/51JKURQSTEL._AC_UL480_FMwebp_QL65_.jpg
KALIYADI Polarized Sunglasses for Men,https://m.media-amazon.com/images/I/61KQXq71FJL._AC_UL480_FMwebp_QL65_.jpg
SOJOS Classic Square Polarized Sunglasses for Women,https://m.media-amazon.com/images/I/61r36QSm+iL._AC_UL480_FMwebp_QL65_.jpg
Polarized Sports Sunglasses for Men,https://m.media-amazon.com/images/I/61wzlDnzmFL._AC_UL480_FMwebp_QL65_.jpg
"COSCO 20 x 48 Vinyl Top Folding Table Black",https://m.media-amazon.com/images/I/41CWXgRuGCL._AC_UL480_FMwebp_QL65_.jpg
"Folding Table,4ft Indoor Outdoor Heavy Duty Portable Folding Square Plastic Dining Table",https://m.media-amazon.com/images/I/51vYlQYxXxL._AC_UL480_FMwebp_QL65_.jpg
"Sweetcrispy Small Computer Office Desk 32 Inch Kids Student Study Writing Work with Storage Bag",https://m.media-amazon.com/images/I/71iMhXX9Q9L._AC_UL480_FMwebp_QL65_.jpg
"COSCO Molded Folding Banquet Table w/Handle, 6ft, Black",https://m.media-amazon.com/images/I/61o-HmSlBLL._AC_UL480_FMwebp_QL65_.jpg
"L Shaped Desk - 43 Inch Gaming Desk, Computer Corner Desk, Home Office Writing Desk",https://m.media-amazon.com/images/I/71Rx0-s00nL._AC_UL480_FMwebp_QL65_.jpg
"Folding Table 4 Foot Portable Heavy Duty Plastic Fold-in-Half Utility Table",https://m.media-amazon.com/images/I/51Uq2V-Dw0L._AC_UL480_FMwebp_QL65_.jpg
"HOOBRO End Table with Charging Station and USB Ports",https://m.media-amazon.com/images/I/71etoV72iAL._AC_UL480_FMwebp_QL65_.jpg
"STATESVILLE 32 inch Small Computer Desk Writing Study Work Office Table Modern Simple with Storage Bag",https://m.media-amazon.com/images/I/615t60-qErL._AC_UL480_FMwebp_QL65_.jpg
"SHW Home Office 32-Inch Computer Desk, Black",https://m.media-amazon.com/images/I/41wT18b9nJL._AC_UL480_FMwebp_QL65_.jpg
"HOOBRO Side Table, 3-Tier Narrow End Table, Nightstand with 2 Flat or Slant Adjustable Shelves for Small Spaces",https://m.media-amazon.com/images/I/71dLfRcfU5L._AC_UL480_FMwebp_QL65_.jpg
ZIUMIER Gaming Headset with Microphone,https://m.media-amazon.com/images/I/71nh1VxLzuL._AC_UY327_FMwebp_QL65_.jpg
EKSA E900 Headset with Microphone for PC,https://m.media-amazon.com/images/I/71N6Oge0ntL._AC_UY327_FMwebp_QL65_.jpg
Jabra Evolve 40 Professional Wired Headset,https://m.media-amazon.com/images/I/61apHvYK6GL._AC_UY327_FMwebp_QL65_.jpg
Logitech H390 Wired Headset for PC/Laptop,https://m.media-amazon.com/images/I/61jBnY6paeL._AC_UY327_FMwebp_QL65_.jpg
BENGOO G9000 Stereo Gaming Headset for PS4 PC Xbox One PS5 Controller,https://m.media-amazon.com/images/I/61CGHv6kmWL._AC_UY327_FMwebp_QL65_.jpg
"Gaming Headset for PC, PS4, PS5, Xbox Headset",https://m.media-amazon.com/images/I/712OyBPPL0L._AC_UY327_FMwebp_QL65_.jpg
"Headset wtih Mic, USB Headset with Microphone for PC",https://m.media-amazon.com/images/I/719zL67IK7L._AC_UY327_FMwebp_QL65_.jpg
Sony MDREX15AP In-Ear Earbud Headphones with Mic,https://m.media-amazon.com/images/I/61AZ9rCOSZL._AC_UY327_FMwebp_QL65_.jpg
LUDOS FEROX Wired Earbuds in-Ear Headphones,https://m.media-amazon.com/images/I/51HfzWPM6eL._AC_UY327_FMwebp_QL65_.jpg
ZEBRONICS Thunder Bluetooth 5.3 Wireless Over ear Headphones with 60H Backup,https://m.media-amazon.com/images/I/61smYWXWx9L._AC_UY218_.jpg
Rockerz 450 Iron Man,https://www.boat-lifestyle.com/cdn/shop/products/450im_600x.png
Rockerz 450 Black Panther Marvel Edition,https://www.boat-lifestyle.com/cdn/shop/products/450bp_600x.png
FIRSTBLOOD ONLY GAME. AJ52 Watcher RGB Gaming Mouse,https://m.media-amazon.com/images/I/51WaY1BLs8L._AC_UY327_FMwebp_QL65_.jpg
"Redragon M612 Predator RGB Gaming Mouse, 8000 DPI",https://m.media-amazon.com/images/I/61vF4LdktpL._AC_UY327_FMwebp_QL65_.jpg
Razer Basilisk V3 Customizable Ergonomic Gaming Mouse,https://m.media-amazon.com/images/I/71QbOWMcP9L._AC_UY327_FMwebp_QL65_.jpg
"Redragon Gaming Mouse, Wireless Mouse Gaming with 8000 DPI",https://m.media-amazon.com/images/I/61QY3V6A-NL._AC_UY327_FMwebp_QL65_.jpg
"BENGOO Gaming Mouse Wired, Ergonomic Gamer Laptop PC",https://m.media-amazon.com/images/I/61lCLrCtuhL._AC_UY327_FMwebp_QL65_.jpg
LTC Circle Pit HM-001 RGB Gaming Mouse with 2 Side Buttons,https://m.media-amazon.com/images/I/61kutmcYxSL._AC_UY327_FMwebp_QL65_.jpg
Razer Viper V2 Pro HyperSpeed Wireless Gaming Mouse,https://m.media-amazon.com/images/I/61PZvXc7UFL._AC_UY327_FMwebp_QL65_.jpg
Alienware AW720M Tri-Mode Wireless Gaming Mouse,https://m.media-amazon.com/images/I/61lZalbTWAL._AC_UY327_FMwebp_QL65_.jpg
Redgear A-15 Wired Gaming Mouse with Upto 6400 DPI,https://m.media-amazon.com/images/I/61MUoISbzjL._SX522_.jpg
Corsair K70 RGB PRO Wired Mechanical Gaming Keyboard,https://m.media-amazon.com/images/I/61Yupm5970L._AC_UY327_FMwebp_QL65_.jpg
MageGee Portable 60% Mechanical Gaming Keyboard,https://m.media-amazon.com/images/I/618zZ7u3sUL.__AC_SX300_SY300_QL70_FMwebp_.jpg
Womier S-K80 75% Keyboard with Color Multimedia Display Mechanical Gaming Keyboard,https://m.media-amazon.com/images/I/71WBwf2mkXL._AC_UY327_FMwebp_QL65_.jpg
Redragon S101 Gaming Keyboard,https://m.media-amazon.com/images/I/71QDJHG1PqL._AC_UY327_FMwebp_QL65_.jpg
Razer Ornata V3 X Gaming Keyboard,https://m.media-amazon.com/images/I/71pqfvJKW5L._AC_UY327_FMwebp_QL65_.jpg
Corsair K55 CORE RGB Membrane Wired Gaming Keyboard,https://m.media-amazon.com/images/I/71rcQyKSOcL._AC_UY327_FMwebp_QL65_.jpg
AULA Gaming Keyboard,https://m.media-amazon.com/images/I/71cd3Qs3fEL._AC_UY327_FMwebp_QL65_.jpg
MageGee 75% Mechanical Gaming Keyboard with Blue Switch,https://m.media-amazon.com/images/I/61eavECexVL._AC_UY327_FMwebp_QL65_.jpg
Snpurdiri 60% Wired Gaming Keyboard,https://m.media-amazon.com/images/I/61UGJ7z-sUL._AC_UY327_FMwebp_QL65_.jpg
Redragon K585 DITI One-Handed RGB Mechanical Gaming Keyboard,https://m.media-amazon.com/images/I/71zS0BekOfL._AC_UY327_FMwebp_QL65_.jpg
Creative Farmer Fruit Seeds,https://m.media-amazon.com/images/I/513SGvOptJL._AC_UL480_FMwebp_QL65_.jpg
MVKR - Live Red Apple fruit Plant This Varity is Supporting all india weather,https://m.media-amazon.com/images/I/41nswQESVVL._AC_UL480_FMwebp_QL65_.jpg
GARDENIFY INDIA F1 ALPINE HYBRIDE FRESH RED APPLE SEEDS/FRUITS SEEDS,https://m.media-amazon.com/images/I/51FLUURf1kL._AC_UL480_FMwebp_QL65_.jpg
Green view Original All India Weather Supporting Live Apple Fruit,https://m.media-amazon.com/images/I/414LGHqG4vL._AC_UL480_FMwebp_QL65_.jpg
Natura GreenHouse NMK-01 Custard Apple,https://m.media-amazon.com/images/I/41HC1r-JCqL._AC_UL480_FMwebp_QL65_.jpg
Stylish Bracelet For Men Leather Bracelet,https://m.media-amazon.com/images/I/710D-t-2LrL._AC_UL480_FMwebp_QL65_.jpg
6 PCs Mixed Multi-Layer Genuine Leather Bracelet,https://m.media-amazon.com/images/I/51RCyVOxVIL._AC_UL480_FMwebp_QL65_.jpg
Men's Fashion Jewellery High Polished Stylish Stainless,https://m.media-amazon.com/images/I/61vfipvWkLL._AC_UL480_FMwebp_QL65_.jpg
Stylish Boys Bracelet Stainless Steel Beads Silver Chain,https://m.media-amazon.com/images/I/71d2fcBxEjL._AC_UL480_FMwebp_QL65_.jpg
Bracelets for Girls and Boys | Leather Bracelet for Girls,https://m.media-amazon.com/images/I/51c1rR4CbOL._AC_UL480_FMwebp_QL65_.jpg
Men's Fashion Jewellery Combo Pack of 4 Stainless Steel Solid,https://m.media-amazon.com/images/I/61GHkfAZMRL._AC_UL480_FMwebp_QL65_.jpg
Men's Jewellery Black Silver Chain For Men Boys,https://m.media-amazon.com/images/I/612xOm1X6LL._AC_UL480_FMwebp_QL65_.jpg
Men's Jewellery 3D Cuboid Vertical Bar/Stick Stainless,https://m.media-amazon.com/images/I/51QCXW-lhxL._AC_UL480_FMwebp_QL65_.jpg
LION KING HEAD - Alloy Pendant with Stainless Steel,https://m.media-amazon.com/images/I/71t26JUbTXL._AC_UL480_FMwebp_QL65_.jpg
Bamboo Socks for Men,https://m.media-amazon.com/images/I/81pdj8cq70L._SX679_.jpg
Bamboo Crew Socks for Men,https://m.media-amazon.com/images/I/81kYos-YtGL._SX679_.jpg
Rio Premium Cotton Ankle Socks for Men and Women,https://m.media-amazon.com/images/I/81FTipXrZIL._SX679_.jpg
Bamboo Socks for Men,https://m.media-amazon.com/images/I/91imPb7haXL._SX679_.jpg
12 Pairs Solid Cotton Ankle Length Socks for Men,https://m.media-amazon.com/images/I/81TRdxk1wnL._SY741_.jpg
Polyester 5 Pairs Solid Ankle Length Socks For Men,https://m.media-amazon.com/images/I/A10JGz2JOZL._AC_UL480_FMwebp_QL65_.jpg
Mens Cotton Ankle Length Socks (Pack of 3) Dark Grey,https://m.media-amazon.com/images/I/51P0U7RknsL._AC_UL480_FMwebp_QL65_.jpg
Sports Ankle Cotton Socks | Free Size,https://m.media-amazon.com/images/I/81SEVBzTWhL._AC_UL480_FMwebp_QL65_.jpg
Ankle Socks for Men & Women,https://m.media-amazon.com/images/I/81CdTxYMb5L._AC_UL480_FMwebp_QL65_.jpg
5 Pairs Cotton Sports Ankle Socks for Men,https://m.media-amazon.com/images/I/61Ikv+ZkHnL._AC_UL480_FMwebp_QL65_.jpg
Navy Dotted Tie For Men,https://m.media-amazon.com/images/I/61FBnxZnSKL._AC_UL480_FMwebp_QL65_.jpg
Pasiley Tie For Men,https://m.media-amazon.com/images/I/61gAw323f6L._AC_UL480_FMwebp_QL65_.jpg
Floral Tie For Men,https://m.media-amazon.com/images/I/61JqlaY97SL._AC_UL480_FMwebp_QL65_.jpg
Men's Black Neck Tie Matte Finish Microfiber Formal Gift,https://m.media-amazon.com/images/I/715ZdQrugkL._AC_UL480_FMwebp_QL65_.jpg
Leader Spyder 27.5T MTB Cycle/Bike,https://m.media-amazon.com/images/I/81y9uUq1lnL._AC_UY327_FMwebp_QL65_.jpg
Leader Scout MTB 26T Mountain Bicycle/Bike,https://m.media-amazon.com/images/I/81wGn2TQJeL._AC_UY327_FMwebp_QL65_.jpg
Urban Terrain Galaxy Pro High Performance Mountain Cycles,https://m.media-amazon.com/images/I/61Z2ibSEOxL._AC_UY327_FMwebp_QL65_.jpg
Urban Terrain Galaxy High Performance Mountain Cycles,https://m.media-amazon.com/images/I/61QWH8VYIuL._AC_UY327_FMwebp_QL65_.jpg
Avon Buke Bicycles Thrust 26T MTB Cycle for Adults,https://m.media-amazon.com/images/I/61arPQZLNML._AC_UY327_FMwebp_QL65_.jpg
Amitasha Pull Back Motorbike High-Speed Racing Bike,https://m.media-amazon.com/images/I/41FpPQlmcfL._AC_UL480_FMwebp_QL65_.jpg
Baybee R7 Battery Operated Bike for Kids,https://m.media-amazon.com/images/I/71BXLqma3BL._AC_UL480_FMwebp_QL65_.jpg
GORMERY 1/12 Scale Model Compatible with Kawasaki,https://m.media-amazon.com/images/I/41zDXFipUmL.jpg
Nexus Product Bike for Kids Toy R3 Bike,https://m.media-amazon.com/images/I/71HxhWJlzaL._AC_UL480_FMwebp_QL65_.jpg
PLUSPOINT Diecast Motorcycle Toy Ducati Bike,https://m.media-amazon.com/images/I/71NNd7bV8PL._AC_UL480_FMwebp_QL65_.jpg
uppercase Medium 23 Ltrs Tall Boy (14.6 inch) Laptop Backpack,https://m.media-amazon.com/images/I/61373tSdppL._AC_UY218_.jpg
Skybags Casual Backpack 28L,https://m.media-amazon.com/images/I/71U-5XbfSWL._AC_UY218_.jpg
Safari Omega spacious/large laptop backpack with Raincover,https://m.media-amazon.com/images/I/71maWXZscfL._AC_UY218_.jpg
BIGBERRY Newage Rodeo 28 Ltrs leatherite/faux leather Backpack,https://m.media-amazon.com/images/I/813BY8cbW8L._AC_UY218_.jpg
Impulse EmpowerElite 25L Unisex Water Resistant Travel Laptop Backpack,https://m.media-amazon.com/images/I/316YV-DXmFL._AC_UY218_.jpg
WildHorn 31L Laptop Backpack for Men/Women,https://m.media-amazon.com/images/I/81twmbR442L._AC_UL320_.jpg