product_name,product_url,object,label
Sparx Men's Sc0162g Sneakers,https://m.media-amazon.com/images/I/71xWtLhH2GL._SX695_.jpg,['Shoe'],"['Footwear', 'Shoe', 'Product', 'Walking shoe', 'Grey', 'Sportswear', 'Sneakers', 'Skate shoe', 'Font', 'Outdoor shoe']"
Puma Womens Kendall WNS Running Shoe,https://m.media-amazon.com/images/I/61C+Y9zoAQL._SY695_.jpg,['Shoe'],"['Footwear', 'Shoe', 'Outdoor shoe', 'Walking shoe', 'Sportswear', 'Cleat', 'Sneakers', 'Font', 'Magenta', 'Skate shoe']"
Nivia Men's Combat 2.0 Basketball Shoes,https://m.media-amazon.com/images/I/71YG7EClYfL._SX679_.jpg,['Shoe'],"['Footwear', 'Shoe', 'Outdoor shoe', 'Walking shoe', 'Grey', 'Font', 'Sportswear', 'Sneakers', 'Athletic shoe', 'Electric blue']"
adidas Mens Amalgo M Running Shoe,https://m.media-amazon.com/images/I/81ATe15IyHL._SX695_.jpg,['Shoe'],"['Footwear', 'Shoe', 'Walking shoe', 'Outdoor shoe', 'Grey', 'Sneakers', 'Sportswear', 'Font', 'Athletic shoe', 'Pattern']"
Red Tape Casual Sneaker Shoes for Men,https://m.media-amazon.com/images/I/61OBcY37KXL._SY695_.jpg,['Shoe'],"['Footwear', 'Outdoor shoe', 'Walking shoe', 'Sportswear', 'Sneakers', 'Font', 'Athletic shoe', 'Cross training shoe', 'Electric blue', 'Running shoe']"
Bata Mens MaxUniform Dress Shoe,https://m.media-amazon.com/images/I/710+f7XX2FL._SY695_.jpg,['Shoe'],"['Brown', 'Shoe', 'Walking shoe', 'Sportswear', 'Sneakers', 'Font', 'Athletic shoe', 'Outdoor shoe', 'Electric blue', 'Logo']"
SPARX Mens Sx0675g Walking Shoe,https://m.media-amazon.com/images/I/71u2XOFXAIL._SX695_.jpg,['Shoe'],"['Footwear', 'Shoe', 'Outdoor shoe', 'Sneakers', 'Walking shoe', 'Grey', 'Sportswear', 'Font', 'Synthetic rubber', 'Electric blue']"
Campus Stack Sneakers for Men,https://m.media-amazon.com/images/I/61U0BBQYhrL._SY695_.jpg,['Shoe'],"['Footwear', 'Shoe', 'Outdoor shoe', 'Walking shoe', 'Cleat', 'Grey', 'Sneakers', 'Sportswear', 'Font', 'Athletic shoe']"
ADIDAS Mens Regular Fit M Sereno Bos T2 Jerseys,https://m.media-amazon.com/images/I/71IQc8cAIQL._SX569_.jpg,"['Person', 'Top', 'Top', 'Person']","['Hair', 'Outerwear', 'Arm', 'Shoulder', 'White', 'Neck', 'Human body', 'Sleeve', 'Standing', 'Gesture']"
adidas Men's Regular Fit M D2M Polo,https://m.media-amazon.com/images/I/71fKZrHSO9L._SX569_.jpg,"['Person', 'Top', 'Top', 'Person', 'Shirt']","['Joint', 'Arm', 'Shoulder', 'Jersey', 'Human body', 'Neck', 'Sleeve', 'Gesture', 'Collar', 'Elbow']"
Puma Men's Solid Regular Fit T-Shirt,https://m.media-amazon.com/images/I/71FAiQfnqSL._SX569_.jpg,"['Person', 'Top', 'Top', 'Person']","['Arm', 'Shoulder', 'White', 'Human body', 'Neck', 'Sleeve', 'Gesture', 'Elbow', 'Grey', 'Collar']"
Puma Men's Regular fit T-Shirt,https://m.media-amazon.com/images/I/61z4pzDQROL._SX569_.jpg,"['Outerwear','Top', 'Person']","['Arm', 'Shoulder', 'Jersey', 'Azure', 'Human body', 'Sleeve', 'Waist', 'Gesture', 'Elbow', 'Collar']"
Puma Men's T-Shirt,https://m.media-amazon.com/images/I/71N-eWQzzjL._SX569_.jpg,"['Person', 'Top', 'Top', 'Person', 'Pants']","['Shoulder', 'White', 'Jersey', 'Human body', 'Neck', 'Sleeve', 'Dress shirt', 'Gesture', 'Waist', 'Elbow']"
Reebok Men's Regular Fit T-Shirt,https://m.media-amazon.com/images/I/51-FneXbwrL._SY741_.jpg,"['Person', 'Top', 'Person', 'Top', 'Pants']","['Polo shirt', 'Arm', 'Shoulder', 'Sports uniform', 'Jersey', 'Azure', 'Sleeve', 'Gesture', 'Sports jersey', 'Collar']"
Dennis Lingo Men's Cotton Buffalo Check Slim Fit Casual Shirt with Pocket,https://m.media-amazon.com/images/I/51oqHcH9mcL._SY741_.jpg,"['Top', 'Person', 'Person', 'Shirt']","['Face', 'Arm', 'Tartan', 'Shirt', 'Shoulder', 'Dress shirt', 'Neck', 'Human body', 'Sleeve', 'Jersey']"
Thomas Scott Men's Smart Slim Fit Band Collar Pure Cotton Denim Casual Overdyed Shirt,https://m.media-amazon.com/images/I/61a9DdTG-sL._SY741_.jpg,"['Top', 'Person', 'Person', 'Shirt', 'Jeans']","['Jeans', 'Shirt', 'Arm', 'Shoulder', 'Dress shirt', 'Dress', 'Jersey', 'Human body', 'Neck', 'Sleeve']"
Lymio Men T-Shirt,https://m.media-amazon.com/images/I/71x4rLhMkML._SY741_.jpg,"['Watch', 'Top', 'Pants', 'Clothing']","['Outerwear', 'Arm', 'Shoulder', 'Muscle', 'Product', 'Stomach', 'Dress shirt', 'Neck', 'Jersey', 'Sleeve']"
GRECIILOOKS Track Pant for Men,https://m.media-amazon.com/images/I/51rgGjt-lnL._SY741_.jpg,"['Pants', 'Shoe', 'Shoe']","['Shoe', 'Active pants', 'Sleeve', 'Dress shirt', 'Waist', 'Gesture', 'Khaki pants', 'Collar', 'Thigh', 'Knee']"
U.S. Polo Assn. Men Signature Logo Pure Cotton,https://m.media-amazon.com/images/I/61fRzTKtwAL._SX569_.jpg,"['Shorts', 'Underpants']","['Outerwear', 'White', 'Neck', 'Sleeve', 'Waist', 'Textile', 'Orange', 'Grey', 'Style', 'Knee']"
VIMAL JONNEY Men's Slim Track Pants,https://m.media-amazon.com/images/I/71aNV7oOkmL._SX679_.jpg,"['Pants', 'Pants', 'Pants', 'Person', 'Person', 'Person', 'Shoe', 'Shoe', 'Shoe']","['Joint', 'Leg', 'Active pants', 'Neck', 'Sleeve', 'Waist', 'Knee', 'Thigh', 'Gesture', 'Grey']"
Fastrack Casual Analog White Dial Men's Watch,https://m.media-amazon.com/images/I/51Z3J7uzNfL._SX679_.jpg,['Watch'],"['Watch', 'Analog watch', 'Watch accessory', 'Clock', 'Rectangle', 'Font', 'Metal', 'Electric blue', 'Brand', 'Fashion accessory']"
Sonata Men Leather Analog White Dial Watch,https://m.media-amazon.com/images/I/71QvcBxXXxL._SY741_.jpg,['Watch'],"['Watch', 'Analog watch', 'White', 'Light', 'Product', 'Clock', 'Watch accessory', 'Rectangle', 'Font', 'Material property']"
Casio Men Stainless Steel Analog Black Dial Watch,https://m.media-amazon.com/images/I/61hpIjX15vL._SX679_.jpg,['Watch'],"['Watch', 'Analog watch', 'Clock', 'Watch accessory', 'Font', 'Silver', 'Metal', 'Fashion accessory', 'Nickel', 'Brand']"
Titan Analog Silver Dial Gold Band Mens Stainless Steel Watch,https://m.media-amazon.com/images/I/81lfqanrciL._SY741_.jpg,['Watch'],"['Watch', 'Analog watch', 'Clock', 'Font', 'Watch accessory', 'Material property', 'Silver', 'Rectangle', 'Metal', 'Circle']"
Fire-Boltt Ninja Call Pro Plus 1.83 Smart Watch with Bluetooth Calling,https://m.media-amazon.com/images/I/61AHiYyu3ZL._SX679_.jpg,"['Watch', 'Person', 'Person']","['Smile', 'Gesture', 'Gadget', 'Audio equipment', 'Font', 'Communication Device', 'Auto part', 'Output device', 'Clock', 'Wrist']"
Milton Prudent 1100 Thermosteel 24 Hours Hot and Cold Water Bottle,https://m.media-amazon.com/images/I/71TLCsrjEnL._SX679_.jpg,"['Bottle', 'Bottle']","['Liquid', 'Bottle', 'Drinkware', 'Fluid', 'Plastic bottle', 'Glass bottle', 'Alcoholic beverage', 'Cylinder', 'Electric blue', 'Drink']"
MILTON Aqua 500 Stainless Steel Water Bottle 500-ml Light-Pink,https://m.media-amazon.com/images/I/51AOvn+e1QL._SX679_.jpg,"['Liquid', 'Bottle', 'Fluid', 'Tints and shades', 'Plastic bottle', 'Magenta', 'Drink', 'Cylinder', 'Plastic', 'Peach']","['Liquid', 'Bottle', 'Fluid', 'Tints and shades', 'Plastic bottle', 'Magenta', 'Drink', 'Cylinder', 'Plastic', 'Peach']"
"Redmi 12 (Moonstone Silver,6GB RAM, 128GB Storage)",https://m.media-amazon.com/images/I/71ij5dqxbeL._SX679_.jpg,"['Mobile phone', 'Mobile phone']","['Mobile phone', 'Communication Device', 'Portable communications device', 'Gadget', 'Gesture', 'Grey', 'Telephony', 'Font', 'Smartphone', 'Rectangle']"
"Redmi A3 (Olive Green, 3GB RAM, 64GB Storage)",https://m.media-amazon.com/images/I/71dJSabHYiL._SX679_.jpg,"['Mobile phone', 'Mobile phone']","['Automotive tire', 'Audio equipment', 'Automotive lighting', 'Font', 'Gadget', 'Communication Device', 'Sports equipment', 'Automotive design', 'Camera', 'Auto part']"
Apple Iphone-14,https://m.media-amazon.com/images/I/51Sn5X2gfaL._SX679_.jpg,['Mobile phone'],"['Communication Device', 'Mobile phone', 'Portable communications device', 'Gesture', 'Telephony', 'Gadget', 'Smartphone', 'Aluminium', 'Metal', 'Mobile device']"
Apple Iphone 15-pro Max,https://m.media-amazon.com/images/I/61Jrsu9d3-L._SX679_.jpg,"['Mobile phone', 'Communication Device', 'Portable communications device', 'Telephony', 'Gesture', 'Grey', 'Bumper', 'Gadget', 'Automotive exterior', 'Font']","['Mobile phone', 'Communication Device', 'Portable communications device', 'Telephony', 'Gesture', 'Grey', 'Bumper', 'Gadget', 'Automotive exterior', 'Font']"
Iphone Case-cover,https://m.media-amazon.com/images/I/51pPPth9kyL._SX679_.jpg,"['Mobile phone', 'Camera']","['Grey', 'Gadget', 'Mp3 player', 'Gas', 'Font', 'Audio equipment', 'Circle', 'Rectangle', 'Multimedia', 'Electric blue']"
One Plus Nord3,https://m.media-amazon.com/images/I/51opW+tODpL._SY741_.jpg,['Mobile phone'],"['Fixture', 'Door', 'Rectangle', 'Gas', 'Font', 'Metal', 'Handle', 'Circle', 'Aluminium', 'Titanium']"
One Plus CE4,https://m.media-amazon.com/images/I/51jCor3c-EL._SX679_.jpg,['Mobile phone'],"['Communication Device', 'Gesture', 'Rectangle', 'Telephony', 'Portable communications device', 'Gadget', 'Smartphone', 'Metal', 'Electric blue', 'Mobile phone']"
One plus CE3,https://m.media-amazon.com/images/I/510YZx4v3wL._SX679_.jpg,['Mobile phone'],"['Mobile phone', 'Telephony', 'Communication Device', 'Portable communications device', 'Mobile device', 'Gadget', 'Telephone', 'Camera', 'Smartphone', 'Camera lens']"
Samsung galaxy,https://m.media-amazon.com/images/I/71td5npKu6L._SY741_.jpg,['Mobile phone'],"['Communication Device', 'Rectangle', 'Gadget', 'Font', 'Gas', 'Netbook', 'Major appliance', 'Electric blue', 'Metal', 'Circle']"
Apple MacBook Air Laptop M1 chip,https://m.media-amazon.com/images/I/71jG+e7roXL._SX679_.jpg,['Laptop'],"['Computer', 'Laptop', 'Output device', 'Personal computer', 'Gesture', 'Rectangle', 'Computer monitor accessory', 'Gadget', 'Display device', 'Laptop part']"
HP Laptop 15s,https://m.media-amazon.com/images/I/71oQh8WFlyL._SX679_.jpg,['Laptop'],"['Computer', 'Laptop', 'Personal computer', 'Peripheral', 'Output device', 'Input device', 'Touchpad', 'Space bar', 'Font', 'Computer hardware']"
HP Laptop 15,https://m.media-amazon.com/images/I/61Cs3B5GHhL._SX679_.jpg,['Laptop'],"['Computer', 'Laptop', 'Personal computer', 'Output device', 'Touchpad', 'Peripheral', 'Input device', 'Space bar', 'Webcam', 'Netbook']"
"Samsung Galaxy M34 5G (Prism Silver,6GB,128GB)",https://m.media-amazon.com/images/I/91ItZJh1FDL._AC_UY218_.jpg,"['Mobile phone', 'Mobile phone']","['Product', 'Telephony', 'Mobile phone', 'Gesture', 'Communication Device', 'Rectangle', 'Font', 'Portable communications device', 'Material property', 'Gadget']"
DELL Latitude 5490 Core i5 8th Gen Laptop,https://m.media-amazon.com/images/I/418cc1MvF1L._SX679_.jpg,['Laptop'],"['Laptop', 'Computer', 'Personal computer', 'Output device', 'Netbook', 'Touchpad', 'Peripheral', 'Flat panel display', 'Gadget', 'Computer monitor accessory']"
Dell 14 Thin & Light Laptop,https://m.media-amazon.com/images/I/71Eu1-dfTmL._SX679_.jpg,['Laptop'],"['Computer', 'Personal computer', 'Output device', 'Laptop', 'Gadget', 'Computer hardware', 'Laptop part', 'Font', 'Electronic instrument', 'Laptop accessory']"
ASUS VivoBook 15 (2021) Thin and Light Laptop,https://m.media-amazon.com/images/I/71lYhcc++AL._SX679_.jpg,['Laptop'],"['Computer', 'Laptop', 'Personal computer', 'Output device', 'Netbook', 'Gadget', 'Input device', 'Laptop part', 'Font', 'Computer hardware']"
Lenovo ThinkPad E14 Intel Core i5 12th Gen 14 FHD Thin and Light Laptop,https://m.media-amazon.com/images/I/617Af4lsBNL._SX679_.jpg,['Laptop'],"['Computer', 'Personal computer', 'Laptop', 'Touchpad', 'Output device', 'Peripheral', 'Input device', 'Netbook', 'Space bar', 'Gesture']"
Lenovo ThinkPad E14 Intel Core i3 12th Gen 14 FHD Thin and Light Laptop,https://m.media-amazon.com/images/I/518BYF8LHRL._SY450_.jpg,['Laptop'],"['Computer', 'Personal computer', 'Laptop', 'Touchpad', 'Output device', 'Input device', 'Peripheral', 'Space bar', 'Netbook', 'Computer keyboard']"
ASUS Vivobook Pro 15 AMD Ryzen 7,https://m.media-amazon.com/images/I/61eTPcEsC+L._SX679_.jpg,['Laptop'],"['Computer', 'Personal computer', 'Output device', 'Font', 'Laptop', 'Computer keyboard', 'Electronic instrument', 'Computer hardware', 'Office equipment', 'Display device']"
Lenovo Yoga Slim 7 Pro Intel Evo Core i5-11320H,https://m.media-amazon.com/images/I/51qPrXE56-L._SX679_.jpg,['Laptop'],"['Computer', 'Personal computer', 'Laptop', 'Touchpad', 'Output device', 'Input device', 'Space bar', 'Laptop accessory', 'Peripheral', 'Gadget']"
LG 164 cm (65 inches) 4K Ultra HD Smart LED TV,https://m.media-amazon.com/images/I/8195aYGDl9L._SX450_.jpg,['Television'],"['Line', 'Font', 'Magenta', 'Violet', 'Rectangle', 'Tints and shades', 'Terrestrial plant', 'Pattern', 'Electric blue', 'Graphics']"
Samsung 108 cm (43 inches) D Series Crystal 4K Vivid Pro Ultra HD Smart LED TV,https://m.media-amazon.com/images/I/81aKi8uAUsL._SX450_.jpg,['Television'],"['Purple', 'Organism', 'Violet', 'Font', 'Magenta', 'Science', 'Electric blue', 'Astronomical object', 'Event', 'Circle']"
Samsung 80 cm (32 inches) HD Ready Smart LED,https://m.media-amazon.com/images/I/71S8iUPW9bL._SX450_.jpg,"['Television', 'Television']","['Computer', 'Output device', 'Personal computer', 'Font', 'Computer monitor', 'Sky', 'Television', 'Television set', 'Cloud', 'Flat panel display']"
MI 108 cm (43 inches) A Series Full HD Smart Google TV L43M8-5AIN,https://m.media-amazon.com/images/I/71UXTb93oZL._SX450_.jpg,['Television'],"['Orange', 'Font', 'Slope', 'Rectangle', 'Natural landscape', 'Poster', 'Advertising', 'Logo', 'Horizon', 'Brand']"
Samsung 108 cm (43 inches) Full HD Smart LED TV,https://m.media-amazon.com/images/I/91mRUNnqqnL._SX569_.jpg,"['Television', 'Television']","['Mountain', 'Slope', 'Natural landscape', 'Travel', 'Font', 'Landscape', 'Magenta', 'Mountain range', 'Hill', 'Plateau']"
Acer 100 cm (40 inches) Advanced I Series Full HD Smart LED Google TV ,https://m.media-amazon.com/images/I/5126gXnEjFL._SX450_.jpg,['Television'],"['Orange', 'Rectangle', 'Font', 'Material property', 'Tints and shades', 'Window', 'Logo', 'Automotive exterior', 'Advertising', 'Brand']"
VW 80 cm (32 inches) Frameless Series HD Ready Android Smart LED TV VW32S (Black),https://m.media-amazon.com/images/I/717oSOB4hCL._AC_UY218_.jpg,['Television'],"['Colorfulness', 'Font', 'Circle', 'Art', 'Poster', 'Audio equipment', 'Electric blue', 'Graphics', 'Magenta', 'Event']"
Sony Bravia 164 cm (65 inches) 4K Ultra HD Smart LED Google TV KD,https://m.media-amazon.com/images/I/81MRU+3RJLL._SX450_.jpg,"['Television', 'Television']","['Photograph', 'Rectangle', 'Purple', 'Petal', 'Pink', 'Font', 'Magenta', 'Art', 'Technology', 'Painting']"
TCL 139 cm (55 inches) Metallic Bezel-Less Series 4K Ultra HD Smart LED Google TV,https://m.media-amazon.com/images/I/71N7mwf1C7L._AC_UY218_.jpg,['Television'],"['Product', 'Font', 'Organism', 'Petal', 'Adaptation', 'Technology', 'Electric blue', 'Event', 'Magenta', 'Wing']"
Sony Bravia 80 cm (32 inches) HD Ready Smart LED Google TV,https://m.media-amazon.com/images/I/71EcYIKenVL._SX450_.jpg,['Television'],"['Green', 'Terrestrial plant', 'Rectangle', 'Font', 'Vehicle', 'Technology', 'Automotive mirror', 'Wheel', 'Tire', 'Logo']"
Owala FreeSip Insulated Stainless Steel Water Bottle with Straw,https://m.media-amazon.com/images/I/71XJK6bWJKL._AC_UL480_FMwebp_QL65_.jpg,['Vacuum flask'],"['Brown', 'Rectangle', 'Beige', 'Dishware', 'Electronic device', 'Serveware', 'Metal', 'Circle', 'Square', 'Electric blue']"
"Gatorade Gx, Marble Blue, 30 Oz",https://m.media-amazon.com/images/I/81VUG3Eh5ZL._AC_UL480_FMwebp_QL65_.jpg,['Bottle'],"['Bird', 'Azure', 'Textile', 'Paint', 'Painting', 'Art', 'Creative arts', 'Rectangle', 'Electric blue', 'Art paint']"
"Sahara Sailor Water Bottles, 32oz Motivational Sports Water Bottle with Time Marker",https://m.media-amazon.com/images/I/615wnuU9ZqL._AC_UL480_FMwebp_QL65_.jpg,"['Bottle', 'Bottle']","['Liquid', 'Drinkware', 'Green', 'Water bottle', 'Bottle', 'Fluid', 'Drink', 'Plastic bottle', 'Aqua', 'Material property']"
"Insulated Water Bottle 64 oz, Triple Wall Vacuum Stainless Steel (Cold for 48 Hrs)",https://m.media-amazon.com/images/I/71vE0KfTNQL._AC_UL480_FMwebp_QL65_.jpg,"['Vacuum flask', 'Bottle']","['Liquid', 'Bottle', 'Fluid', 'Material property', 'Font', 'Gas', 'Personal care', 'Plastic bottle', 'Electric blue', 'Cylinder']"
HYDRO CELL Stainless Steel Insulated Water Bottle with Straw,https://m.media-amazon.com/images/I/71ua0aLCE2L._AC_UL480_FMwebp_QL65_.jpg,"['Vacuum flask', 'Vacuum flask', 'Vacuum flask', 'Vacuum flask', 'Vacuum flask', 'Bottle', 'Bottle', 'Bottle', 'Bottle', 'Bottle']","['Liquid', 'Blue', 'Fluid', 'Bottle', 'Violet', 'Plastic bottle', 'Font', 'Material property', 'Cylinder', 'Tints and shades']"
50 Strong Bulk Water Bottles | 24 Pack Sports Bottle,https://m.media-amazon.com/images/I/71VMAGCc7OL._AC_UL960_FMwebp_QL65_.jpg,"['Lighting', 'Bottle', 'Bottle']","['Product', 'Gesture', 'Font', 'Material property', 'Liquid', 'Gas', 'Cylinder', 'Rectangle', 'Circle', 'Pipe']"
AQUAFIT 1 Gallon Water Bottle With Time Marker - Straw & Chug Lid,https://m.media-amazon.com/images/I/81mLuArYaqL._AC_UL480_FMwebp_QL65_.jpg,"['Bottle', 'Bottle', 'Bottle', 'Bottle', 'Bottle', 'Bottle', 'Bottle']","['Product', 'Liquid', 'Sleeve', 'Font', 'Automotive tire', 'Machine', 'Personal protective equipment', 'Bottle', 'Engineering', 'Illustration']"
"Under Armour Playmaker Sport Jug, Water Bottle with Handle, Foam Insulated & Leak Resistant",https://m.media-amazon.com/images/I/61PQRMZMhWL._AC_UL480_FMwebp_QL65_.jpg,['Vacuum flask'],"['White', 'Light', 'Luggage and bags', 'Gas', 'Bag', 'Fluid', 'Backpack', 'Electric blue', 'Font', 'Cylinder']"
BUTABY Rectangle Sunglasses for Women Retro Driving,https://m.media-amazon.com/images/I/719G6MA0A8L._AC_UL480_FMwebp_QL65_.jpg,"['Sunglasses', 'Sunglasses', 'Sunglasses', 'Sunglasses']","['Glasses', 'Brown', 'Goggles', 'Vision care', 'Sunglasses', 'White', 'Light', 'Eyewear', 'Eye glass accessory', 'Orange']"
SOJOS Classic Square Sunglasses for Women Men with Spring Hinge Sunnies SJ1137,https://m.media-amazon.com/images/I/61OvsRHucQL._AC_UL480_FMwebp_QL65_.jpg,['Sunglasses'],"['Glasses', 'Vision care', 'Goggles', 'Sunglasses', 'Eyewear', 'Eye glass accessory', 'Yellow', 'Tints and shades', 'Font', 'Oval']"
WearMe Pro - Reflective Lens Round Trendy Sunglasses,https://m.media-amazon.com/images/I/71U8Ot3tx+L._AC_UL480_FMwebp_QL65_.jpg,['Sunglasses'],"['Brown', 'Vision care', 'Goggles', 'Sunglasses', 'Eyewear', 'Eye glass accessory', 'Font', 'Material property', 'Tints and shades', 'Circle']"
MERRY'S Unisex Polarized Aluminum Sunglasses,https://m.media-amazon.com/images/I/51X-dwiFqAL._AC_UL480_FMwebp_QL65_.jpg,['Sunglasses'],"['Glasses', 'Vision care', 'Goggles', 'Sunglasses', 'Eyewear', 'Eye glass accessory', 'Grey', 'Font', 'Tints and shades', 'Personal protective equipment']"
Joopin Square Sunglasses Polarized UV Protection Trendy Designer Sun Glasses Men Women,https://m.media-amazon.com/images/I/519NQwNO96L._AC_UL480_FMwebp_QL65_.jpg,['Sunglasses'],"['Vision care', 'Eye glass accessory', 'Eyewear', 'Goggles', 'Sunglasses', 'Material property', 'Tints and shades', 'Personal protective equipment', 'Font', 'Transparent material']"
Eyegla Wholesale Sunglasses Bulk for Adults Party Favors Retro Classic Shades,https://m.media-amazon.com/images/I/71WcWVcKmnL._AC_UL480_FMwebp_QL65_.jpg,"['Sunglasses', 'Sunglasses', 'Sunglasses', 'Sunglasses', 'Sunglasses']","['Glasses', 'Goggles', 'Vision care', 'Sunglasses', 'White', 'Green', 'Blue', 'Azure', 'Eyewear', 'Pink']"
VANLINKER Thick Square Sunglasses for Men Women,https://m.media-amazon.com/images/I/51JKURQSTEL._AC_UL480_FMwebp_QL65_.jpg,['Sunglasses'],"['Glasses', 'Goggles', 'Vision care', 'Sunglasses', 'Eye glass accessory', 'Eyewear', 'Grey', 'Line', 'Automotive design', 'Material property']"
KALIYADI Polarized Sunglasses for Men,https://m.media-amazon.com/images/I/61KQXq71FJL._AC_UL480_FMwebp_QL65_.jpg,"['Sunglasses', 'Sunglasses']","['Glasses', 'Vision care', 'Goggles', 'Sunglasses', 'White', 'Light', 'Eye glass accessory', 'Eyewear', 'Font', 'Personal protective equipment']"
SOJOS Classic Square Polarized Sunglasses for Women,https://m.media-amazon.com/images/I/61r36QSm+iL._AC_UL480_FMwebp_QL65_.jpg,['Sunglasses'],"['Glasses', 'Brown', 'Goggles', 'Vision care', 'Photograph', 'Sunglasses', 'Amber', 'Eyewear', 'Eye glass accessory', 'Orange']"
Polarized Sports Sunglasses for Men,https://m.media-amazon.com/images/I/61wzlDnzmFL._AC_UL480_FMwebp_QL65_.jpg,['Sunglasses'],"['White', 'Eyewear', 'Eye glass accessory', 'Line', 'Font', 'Audio equipment', 'Personal protective equipment', 'Drawing', 'Art', 'Fashion accessory']"
COSCO 20 x 48 Vinyl Top Folding Table Black,https://m.media-amazon.com/images/I/41CWXgRuGCL._AC_UL480_FMwebp_QL65_.jpg,"['Table', 'Furniture', 'Rectangle', 'Outdoor furniture', 'Outdoor table', 'Line', 'Wood stain', 'Wood', 'Coffee table', 'Plywood']","['Table', 'Furniture', 'Rectangle', 'Outdoor furniture', 'Outdoor table', 'Line', 'Wood stain', 'Wood', 'Coffee table', 'Plywood']"
"Folding Table,4ft Indoor Outdoor Heavy Duty Portable Folding Square Plastic Dining Table",https://m.media-amazon.com/images/I/51vYlQYxXxL._AC_UL480_FMwebp_QL65_.jpg,"['Table', 'Desk', 'Luggage & bags']","['Table', 'Rectangle', 'Outdoor furniture', 'Material property', 'Tire', 'Wood', 'Outdoor table', 'Metal', 'Automotive exterior', 'Aluminium']"
Sweetcrispy Small Computer Office Desk 32 Inch Kids Student Study Writing Work with Storage Bag,https://m.media-amazon.com/images/I/71iMhXX9Q9L._AC_UL480_FMwebp_QL65_.jpg,"['Laptop', 'Desk', 'Houseplant']","['Table', 'Laptop', 'Furniture', 'Computer', 'Property', 'Personal computer', 'Computer desk', 'Product', 'Rectangle', 'Desk']"
"COSCO Molded Folding Banquet Table w/Handle, 6ft, Black",https://m.media-amazon.com/images/I/61o-HmSlBLL._AC_UL480_FMwebp_QL65_.jpg,"['Table', 'Furniture', 'Outdoor table', 'Rectangle', 'Outdoor furniture', 'Line', 'Plant', 'Coffee table', 'Tree', 'Wood']","['Table', 'Furniture', 'Outdoor table', 'Rectangle', 'Outdoor furniture', 'Line', 'Plant', 'Coffee table', 'Tree', 'Wood']"
"L Shaped Desk - 43 Inch Gaming Desk, Computer Corner Desk, Home Office Writing Desk",https://m.media-amazon.com/images/I/71Rx0-s00nL._AC_UL480_FMwebp_QL65_.jpg,"['Desk', 'Desk', 'Desk']","['Table', 'Furniture', 'Rectangle', 'Computer desk', 'Desk', 'Personal computer', 'Interior design', 'Shelving', 'Line', 'Computer monitor']"
Folding Table 4 Foot Portable Heavy Duty Plastic Fold-in-Half Utility Table,https://m.media-amazon.com/images/I/51Uq2V-Dw0L._AC_UL480_FMwebp_QL65_.jpg,"['Table', 'Desk']","['Table', 'Furniture', 'Rectangle', 'Outdoor furniture', 'Parallel', 'Wood', 'Metal', 'Plywood', 'Aluminium', 'Shade']"
HOOBRO End Table with Charging Station and USB Ports,https://m.media-amazon.com/images/I/71etoV72iAL._AC_UL480_FMwebp_QL65_.jpg,['Nightstand'],"['Furniture', 'Shelf', 'Table', 'Rectangle', 'Outdoor furniture', 'Shelving', 'Chair', 'Wood', 'Wood stain', 'Plywood']"
STATESVILLE 32 inch Small Computer Desk Writing Study Work Office Table Modern Simple with Storage Bag,https://m.media-amazon.com/images/I/615t60-qErL._AC_UL480_FMwebp_QL65_.jpg,"['Furniture', 'Tire', 'Table', 'Wheel', 'Outdoor furniture', 'Wood', 'Rectangle', 'Chair', 'Hardwood', 'Outdoor table']","['Furniture', 'Tire', 'Table', 'Wheel', 'Outdoor furniture', 'Wood', 'Rectangle', 'Chair', 'Hardwood', 'Outdoor table']"
"SHW Home Office 32-Inch Computer Desk, Black",https://m.media-amazon.com/images/I/41wT18b9nJL._AC_UL480_FMwebp_QL65_.jpg,"['Table', 'Furniture', 'Rectangle', 'Line', 'Parallel', 'Plywood', 'Outdoor furniture', 'Wood', 'Transparent material', 'Outdoor table']","['Table', 'Furniture', 'Rectangle', 'Line', 'Parallel', 'Plywood', 'Outdoor furniture', 'Wood', 'Transparent material', 'Outdoor table']"
"HOOBRO Side Table, 3-Tier Narrow End Table, Nightstand with 2 Flat or Slant Adjustable Shelves for Small Spaces",https://m.media-amazon.com/images/I/71dLfRcfU5L._AC_UL480_FMwebp_QL65_.jpg,"['Furniture', 'White', 'Black', 'Rectangle', 'Table', 'Outdoor furniture', 'Natural material', 'Gas', 'Metal', 'Wood']","['Furniture', 'White', 'Black', 'Rectangle', 'Table', 'Outdoor furniture', 'Natural material', 'Gas', 'Metal', 'Wood']"
ZIUMIER Gaming Headset with Microphone,https://m.media-amazon.com/images/I/71nh1VxLzuL._AC_UY327_FMwebp_QL65_.jpg,['Headphones'],"['Output device', 'Peripheral', 'Gadget', 'Audio equipment', 'Font', 'Headphones', 'Communication Device', 'Electronic device', 'Magenta', 'Multimedia']"
EKSA E900 Headset with Microphone for PC,https://m.media-amazon.com/images/I/71N6Oge0ntL._AC_UY327_FMwebp_QL65_.jpg,['Headphones'],"['Peripheral', 'Output device', 'White', 'Purple', 'Communication Device', 'Audio equipment', 'Violet', 'Gadget', 'Material property', 'Font']"
Jabra Evolve 40 Professional Wired Headset,https://m.media-amazon.com/images/I/61apHvYK6GL._AC_UY327_FMwebp_QL65_.jpg,['Headphones'],"['Peripheral', 'Output device', 'Gadget', 'Communication Device', 'Audio equipment', 'Ear', 'Font', 'Material property', 'Headphones', 'Electronic device']"
Logitech H390 Wired Headset for PC/Laptop,https://m.media-amazon.com/images/I/61jBnY6paeL._AC_UY327_FMwebp_QL65_.jpg,['Headphones'],"['Peripheral', 'Output device', 'Ear', 'Gadget', 'Audio equipment', 'Headphones', 'Communication Device', 'Headset', 'Font', 'Fashion accessory']"
BENGOO G9000 Stereo Gaming Headset for PS4 PC Xbox One PS5 Controller,https://m.media-amazon.com/images/I/61CGHv6kmWL._AC_UY327_FMwebp_QL65_.jpg,['Headphones'],"['Peripheral', 'Sports gear', 'Automotive design', 'Font', 'Gadget', 'Electric blue', 'Audio equipment', 'Paint', 'Personal protective equipment', 'Poster']"
"Gaming Headset for PC, PS4, PS5, Xbox Headset",https://m.media-amazon.com/images/I/712OyBPPL0L._AC_UY327_FMwebp_QL65_.jpg,['Headphones'],"['Peripheral', 'Output device', 'Gadget', 'Audio equipment', 'Font', 'Communication Device', 'Headphones', 'Electronic device', 'Input device', 'Technology']"
"Headset wtih Mic, USB Headset with Microphone for PC",https://m.media-amazon.com/images/I/719zL67IK7L._AC_UY327_FMwebp_QL65_.jpg,['Headphones'],"['White', 'Output device', 'Peripheral', 'Audio equipment', 'Gadget', 'Electronic device', 'Event', 'Font', 'Headphones', 'Communication Device']"
Sony MDREX15AP In-Ear Earbud Headphones with Mic,https://m.media-amazon.com/images/I/61AZ9rCOSZL._AC_UY327_FMwebp_QL65_.jpg,"['Headphones', 'Headphones']","['Microphone', 'Product', 'Peripheral', 'Audio equipment', 'Gadget', 'Output device', 'Font', 'Headphones', 'Electronic device', 'Ear']"
LUDOS FEROX Wired Earbuds in-Ear Headphones,https://m.media-amazon.com/images/I/51HfzWPM6eL._AC_UY327_FMwebp_QL65_.jpg,"['Headphones', 'Headphones']","['Microphone', 'White', 'Product', 'Audio equipment', 'Gadget', 'Output device', 'Peripheral', 'Material property', 'Font', 'Ear']"
ZEBRONICS Thunder Bluetooth 5.3 Wireless Over ear Headphones with 60H Backup,https://m.media-amazon.com/images/I/61smYWXWx9L._AC_UY218_.jpg,['Headphones'],"['Gadget', 'Font', 'Aqua', 'Ear', 'Magenta', 'Electric blue', 'Circle', 'Symbol', 'Fashion accessory', 'Plastic']"
Rockerz 450 Iron Man,https://www.boat-lifestyle.com/cdn/shop/products/450im_600x.png,['Headphones'],"['Output device', 'Peripheral', 'Gadget', 'Audio equipment', 'Headphones', 'Font', 'Electronic device', 'Magenta', 'Circle', 'Fashion accessory']"
Rockerz 450 Black Panther Marvel Edition,https://www.boat-lifestyle.com/cdn/shop/products/450bp_600x.png,['Headphones'],"['Output device', 'Peripheral', 'Audio equipment', 'Communication Device', 'Violet', 'Ear', 'Gadget', 'Font', 'Headphones', 'Magenta']"
FIRSTBLOOD ONLY GAME. AJ52 Watcher RGB Gaming Mouse,https://m.media-amazon.com/images/I/51WaY1BLs8L._AC_UY327_FMwebp_QL65_.jpg,['Mouse'],"['Product', 'Sleeve', 'Dress shirt', 'Collar', 'Triangle', 'T-shirt', 'Cap', 'Bag', 'Headgear', 'Aqua']"
"Redragon M612 Predator RGB Gaming Mouse, 8000 DPI",https://m.media-amazon.com/images/I/61vF4LdktpL._AC_UY327_FMwebp_QL65_.jpg,['Mouse'],"['Peripheral', 'Input device', 'Mouse', 'Computer hardware', 'Helmet', 'Font', 'Magenta', 'Computer component', 'Electric blue', 'Personal computer hardware']"
Razer Basilisk V3 Customizable Ergonomic Gaming Mouse,https://m.media-amazon.com/images/I/71QbOWMcP9L._AC_UY327_FMwebp_QL65_.jpg,['Mouse'],"['Peripheral', 'Input device', 'Plant', 'Gadget', 'Font', 'Computer hardware', 'Electronic device', 'Personal computer hardware', 'Home appliance', 'Logo']"
"Redragon Gaming Mouse, Wireless Mouse Gaming with 8000 DPI",https://m.media-amazon.com/images/I/61QY3V6A-NL._AC_UY327_FMwebp_QL65_.jpg,"['Mouse', 'Home appliance']","['Peripheral', 'Input device', 'Gadget', 'Output device', 'Font', 'Technology', 'Electronic device', 'Computer hardware', 'Multimedia', 'Magenta']"
"BENGOO Gaming Mouse Wired, Ergonomic Gamer Laptop PC",https://m.media-amazon.com/images/I/61lCLrCtuhL._AC_UY327_FMwebp_QL65_.jpg,['Mouse'],"['Purple', 'Input device', 'Violet', 'Sports equipment', 'Font', 'Fender', 'Magenta', 'Automotive design', 'Electric blue', 'Mouse']"
LTC Circle Pit HM-001 RGB Gaming Mouse with 2 Side Buttons,https://m.media-amazon.com/images/I/61kutmcYxSL._AC_UY327_FMwebp_QL65_.jpg,['Mouse'],"['Peripheral', 'Input device', 'Purple', 'Automotive parking light', 'Mouse', 'Font', 'Electronic device', 'Computer hardware', 'Magenta', 'Electric blue']"
Razer Viper V2 Pro HyperSpeed Wireless Gaming Mouse,https://m.media-amazon.com/images/I/61PZvXc7UFL._AC_UY327_FMwebp_QL65_.jpg,['Mouse'],"['Liquid', 'Product', 'Kitchen appliance', 'Fluid', 'Home appliance', 'Small appliance', 'Drinkware', 'Telephony', 'Portable communications device', 'Output device']"
Alienware AW720M Tri-Mode Wireless Gaming Mouse,https://m.media-amazon.com/images/I/61lZalbTWAL._AC_UY327_FMwebp_QL65_.jpg,['Mouse'],"['Peripheral', 'Grey', 'Gadget', 'Electric blue', 'Metal', 'Musical instrument accessory', 'Composite material', 'Font', 'Input device', 'Computer component']"
Redgear A-15 Wired Gaming Mouse with Upto 6400 DPI,https://m.media-amazon.com/images/I/61MUoISbzjL._SX522_.jpg,['Mouse'],"['Peripheral', 'Input device', 'Gesture', 'Audio equipment', 'Font', 'Gadget', 'Computer hardware', 'Personal protective equipment', 'Electronic device', 'Technology']"
Corsair K70 RGB PRO Wired Mechanical Gaming Keyboard,https://m.media-amazon.com/images/I/61Yupm5970L._AC_UY327_FMwebp_QL65_.jpg,['Computer keyboard'],"['Peripheral', 'Input device', 'Gadget', 'Font', 'Computer keyboard', 'Space bar', 'Office equipment', 'Computer hardware', 'Technology', 'Audio equipment']"
MageGee Portable 60% Mechanical Gaming Keyboard,https://m.media-amazon.com/images/I/618zZ7u3sUL.__AC_SX300_SY300_QL70_FMwebp_.jpg,['Computer keyboard'],"['Peripheral', 'Computer keyboard', 'Input device', 'Computer', 'Space bar', 'Office equipment', 'Keyboard', 'Electronic instrument', 'Window', 'Laptop accessory']"
Womier S-K80 75% Keyboard with Color Multimedia Display Mechanical Gaming Keyboard,https://m.media-amazon.com/images/I/71WBwf2mkXL._AC_UY327_FMwebp_QL65_.jpg,['Computer keyboard'],"['Computer keyboard', 'Peripheral', 'Product', 'Input device', 'Space bar', 'Rectangle', 'Computer', 'Communication Device', 'Output device', 'Electronic instrument']"
Redragon S101 Gaming Keyboard,https://m.media-amazon.com/images/I/71QDJHG1PqL._AC_UY327_FMwebp_QL65_.jpg,"['Computer keyboard', 'Mouse']","['Peripheral', 'Input device', 'Product', 'Green', 'Purple', 'Output device', 'Computer keyboard', 'Space bar', 'Font', 'Computer hardware']"
Razer Ornata V3 X Gaming Keyboard,https://m.media-amazon.com/images/I/71pqfvJKW5L._AC_UY327_FMwebp_QL65_.jpg,['Computer keyboard'],"['Computer', 'Peripheral', 'Computer keyboard', 'Input device', 'Space bar', 'Keyboard', 'Output device', 'Rectangle', 'Office equipment', 'Electronic instrument']"
Corsair K55 CORE RGB Membrane Wired Gaming Keyboard,https://m.media-amazon.com/images/I/71rcQyKSOcL._AC_UY327_FMwebp_QL65_.jpg,['Computer keyboard'],"['Rectangle', 'Peripheral', 'Office equipment', 'Font', 'Input device', 'Electric blue', 'Technology', 'Pattern', 'Space bar', 'Number']"
AULA Gaming Keyboard,https://m.media-amazon.com/images/I/71cd3Qs3fEL._AC_UY327_FMwebp_QL65_.jpg,"['Computer keyboard', 'Mouse']","['Peripheral', 'Computer keyboard', 'Input device', 'Space bar', 'Output device', 'Mouse', 'Font', 'Computer', 'Gadget', 'Computer hardware']"
MageGee 75% Mechanical Gaming Keyboard with Blue Switch,https://m.media-amazon.com/images/I/61eavECexVL._AC_UY327_FMwebp_QL65_.jpg,['Computer keyboard'],"['Computer keyboard', 'Peripheral', 'Input device', 'Azure', 'Space bar', 'Keyboard', 'Office equipment', 'Electronic instrument', 'Computer hardware', 'Rectangle']"
Snpurdiri 60% Wired Gaming Keyboard,https://m.media-amazon.com/images/I/61UGJ7z-sUL._AC_UY327_FMwebp_QL65_.jpg,['Computer keyboard'],"['Input device', 'Space bar', 'Font', 'Office supplies', 'Office equipment', 'Gadget', 'Electronic device', 'Communication Device', 'Technology', 'Peripheral']"
Redragon K585 DITI One-Handed RGB Mechanical Gaming Keyboard,https://m.media-amazon.com/images/I/71zS0BekOfL._AC_UY327_FMwebp_QL65_.jpg,['Computer keyboard'],"['Input device', 'Peripheral', 'Gadget', 'Font', 'Magenta', 'Fashion accessory', 'Plastic', 'Rectangle', 'Office equipment', 'Computer keyboard']"
Creative Farmer Fruit Seeds,https://m.media-amazon.com/images/I/513SGvOptJL._AC_UL480_FMwebp_QL65_.jpg,['Apple'],"['Food', 'Fruit', 'Plant', 'Natural foods', 'Apple', 'Staple food', 'Produce', 'Superfood', 'Seedless fruit', 'Flowering plant']"
MVKR - Live Red Apple fruit Plant This Varity is Supporting all india weather,https://m.media-amazon.com/images/I/41nswQESVVL._AC_UL480_FMwebp_QL65_.jpg,"['Fruit', 'Fruit', 'Fruit', 'Apple', 'Apple', 'Fruit', 'Apple', 'Apple', 'Apple', 'Fruit']","['Food', 'Fruit', 'Branch', 'Plant', 'Natural foods', 'Apple', 'Tree', 'Produce', 'Flowering plant', 'Rose family']"
GARDENIFY INDIA F1 ALPINE HYBRIDE FRESH RED APPLE SEEDS/FRUITS SEEDS,https://m.media-amazon.com/images/I/51FLUURf1kL._AC_UL480_FMwebp_QL65_.jpg,"['Apple', 'Apple', 'Apple']","['Food', 'Fruit', 'Natural foods', 'Mcintosh', 'Organism', 'Plant', 'Apple', 'Staple food', 'Produce', 'Superfood']"
Green view Original All India Weather Supporting Live Apple Fruit,https://m.media-amazon.com/images/I/414LGHqG4vL._AC_UL480_FMwebp_QL65_.jpg,['Apple'],"['Food', 'Fruit', 'Natural foods', 'Apple', 'Produce', 'Staple food', 'Superfood', 'Flowering plant', 'Accessory fruit', 'Local food']"
Natura GreenHouse NMK-01 Custard Apple,https://m.media-amazon.com/images/I/41HC1r-JCqL._AC_UL480_FMwebp_QL65_.jpg,"['Fruit', 'Fruit', 'Fruit', 'Fruit', 'Food', 'Food', 'Fruit', 'Food']","['Food', 'Natural foods', 'Staple food', 'Ingredient', 'Produce', 'Vegetable', 'Plant', 'Flowering plant', 'Local food', 'Squash']"
Stylish Bracelet For Men Leather Bracelet,https://m.media-amazon.com/images/I/710D-t-2LrL._AC_UL480_FMwebp_QL65_.jpg,['Bracelet'],"['Gesture', 'Font', 'Automotive tire', 'Audio equipment', 'Auto part', 'Tire', 'Synthetic rubber', 'Hair accessory', 'Fashion accessory', 'Electric blue']"
6 PCs Mixed Multi-Layer Genuine Leather Bracelet,https://m.media-amazon.com/images/I/51RCyVOxVIL._AC_UL480_FMwebp_QL65_.jpg,['Bracelet'],"['Body jewelry', 'Product', 'Gesture', 'Finger', 'Font', 'Material property', 'Jewellery', 'Ring', 'Bangle', 'Technology']"
Men's Fashion Jewellery High Polished Stylish Stainless,https://m.media-amazon.com/images/I/61vfipvWkLL._AC_UL480_FMwebp_QL65_.jpg,['Bracelet'],"['White', 'Body jewelry', 'Font', 'Jewellery', 'Bracelet', 'Jewelry making', 'Automotive tire', 'Drinkware', 'Metal', 'Art']"
Stylish Boys Bracelet Stainless Steel Beads Silver Chain,https://m.media-amazon.com/images/I/71d2fcBxEjL._AC_UL480_FMwebp_QL65_.jpg,['Bracelet'],"['Blue', 'Body jewelry', 'Gadget', 'Font', 'Rectangle', 'Electronic device', 'Technology', 'Jewellery', 'Electric blue', 'Pattern']"
Bracelets for Girls and Boys | Leather Bracelet for Girls,https://m.media-amazon.com/images/I/51c1rR4CbOL._AC_UL480_FMwebp_QL65_.jpg,['Bracelet'],"['Audio equipment', 'Bicycle part', 'Material property', 'Camera accessory', 'Auto part', 'Font', 'Output device', 'Rim', 'Circle', 'Fashion accessory']"
Men's Fashion Jewellery Combo Pack of 4 Stainless Steel Solid,https://m.media-amazon.com/images/I/61GHkfAZMRL._AC_UL480_FMwebp_QL65_.jpg,"['Necklace', 'Necklace', 'Necklace', 'Necklace']","['White', 'Line', 'Jewellery', 'Font', 'Fashion accessory', 'Nickel', 'Body jewelry', 'Metal', 'Titanium', 'Silver']"
Men's Jewellery Black Silver Chain For Men Boys,https://m.media-amazon.com/images/I/612xOm1X6LL._AC_UL480_FMwebp_QL65_.jpg,['Necklace'],"['White', 'Body jewelry', 'Natural material', 'Necklace', 'Material property', 'Silver', 'Jewellery', 'Rectangle', 'Fashion accessory', 'Metal']"
Men's Jewellery 3D Cuboid Vertical Bar/Stick Stainless,https://m.media-amazon.com/images/I/51QCXW-lhxL._AC_UL480_FMwebp_QL65_.jpg,"['Necklace', 'Necklace']","['Body jewelry', 'Silver', 'Line', 'Rectangle', 'Font', 'Jewellery', 'Necklace', 'Metal', 'Chain', 'Fashion accessory']"
LION KING HEAD - Alloy Pendant with Stainless Steel,https://m.media-amazon.com/images/I/71t26JUbTXL._AC_UL480_FMwebp_QL65_.jpg,['Necklace'],"['White', 'Black', 'Natural material', 'Body jewelry', 'Necklace', 'Silver', 'Jewellery', 'Font', 'Art', 'Metal']"
Bamboo Socks for Men,https://m.media-amazon.com/images/I/81pdj8cq70L._SX679_.jpg,"['Sock', 'Sock', 'Sock']","['Hand', 'Shoe', 'Safety glove', 'Glove', 'Gesture', 'Grey', 'Sock', 'Synthetic rubber', 'Personal protective equipment', 'Human leg']"
Bamboo Crew Socks for Men,https://m.media-amazon.com/images/I/81kYos-YtGL._SX679_.jpg,"['Sock', 'Sock', 'Sock']","['Personal protective equipment', 'Sock', 'Human leg', 'Electric blue', 'Pattern', 'Font', 'Thumb', 'Fashion accessory', 'Carmine', 'Auto part']"
Rio Premium Cotton Ankle Socks for Men and Women,https://m.media-amazon.com/images/I/81FTipXrZIL._SX679_.jpg,"['Sock', 'Sock', 'Sock', 'Sock', 'Sock']","['Gesture', 'Finger', 'Sock', 'Font', 'Human leg', 'Glove', 'Thumb', 'Carmine', 'Foot', 'Wrist']"
Bamboo Socks for Men,https://m.media-amazon.com/images/I/91imPb7haXL._SX679_.jpg,"['Sock', 'Sock', 'Shoe']","['Shoe', 'Gesture', 'Woolen', 'Sock', 'Font', 'Glove', 'Human leg', 'Electric blue', 'Thumb', 'Personal protective equipment']"
12 Pairs Solid Cotton Ankle Length Socks for Men,https://m.media-amazon.com/images/I/81TRdxk1wnL._SY741_.jpg,"['Sock', 'Sock', 'Sock', 'Sock', 'Sock']","['Head', 'Green', 'White', 'Line', 'Font', 'Pattern', 'Carmine', 'Graphics', 'Electric blue']"
Polyester 5 Pairs Solid Ankle Length Socks For Men,https://m.media-amazon.com/images/I/A10JGz2JOZL._AC_UL480_FMwebp_QL65_.jpg,"['Sock', 'Sock', 'Sock', 'Sock', 'Sock']","['Shoe', 'Sleeve', 'Sportswear', 'Sock', 'Font', 'Personal protective equipment', 'Human leg', 'Electric blue', 'Fashion accessory', 'Auto part']"
Mens Cotton Ankle Length Socks (Pack of 3) Dark Grey,https://m.media-amazon.com/images/I/51P0U7RknsL._AC_UL480_FMwebp_QL65_.jpg,['Sock'],"['Footwear', 'Shoe', 'Leg', 'Synthetic rubber', 'Font', 'Sportswear', 'Electric blue', 'Comfort', 'Human leg', 'Foot']"
Sports Ankle Cotton Socks | Free Size,https://m.media-amazon.com/images/I/81SEVBzTWhL._AC_UL480_FMwebp_QL65_.jpg,"['Sock', 'Sock', 'Sock', 'Sock', 'Sock']","['Footwear', 'Shoe', 'White', 'Light', 'Product', 'Black', 'Fashion', 'Font', 'Grey', 'Material property']"
Ankle Socks for Men & Women,https://m.media-amazon.com/images/I/81CdTxYMb5L._AC_UL480_FMwebp_QL65_.jpg,"['Sock', 'Sock']","['Glove', 'Sleeve', 'Font', 'Sportswear', 'Sock', 'Pattern', 'Jersey', 'Undergarment', 'Tie', 'Waist']"
5 Pairs Cotton Sports Ankle Socks for Men,https://m.media-amazon.com/images/I/61Ikv+ZkHnL._AC_UL480_FMwebp_QL65_.jpg,"['Sock', 'Sock', 'Sock', 'Sock', 'Sock', 'Clothing']","['White', 'Leg', 'Black', 'Bottle', 'Gesture', 'Finger', 'Material property', 'Font', 'Human leg', 'Foot']"
Navy Dotted Tie For Men,https://m.media-amazon.com/images/I/61FBnxZnSKL._AC_UL480_FMwebp_QL65_.jpg,['Tie'],"['Sleeve', 'Textile', 'Rectangle', 'Font', 'Pattern', 'Electric blue', 'Tie', 'Circle', 'Carmine', 'Linens']"
Pasiley Tie For Men,https://m.media-amazon.com/images/I/61gAw323f6L._AC_UL480_FMwebp_QL65_.jpg,['Tie'],"['Brown', 'Sleeve', 'Headgear', 'Collar', 'Motif', 'Font', 'Pattern', 'Art', 'Fashion accessory', 'Wood']"
Floral Tie For Men,https://m.media-amazon.com/images/I/61JqlaY97SL._AC_UL480_FMwebp_QL65_.jpg,['Tie'],"['Sleeve', 'Rectangle', 'Collar', 'Bag', 'Font', 'Military camouflage', 'Camouflage', 'Grass', 'Pattern', 'Street light']"
Men's Black Neck Tie Matte Finish Microfiber Formal Gift,https://m.media-amazon.com/images/I/715ZdQrugkL._AC_UL480_FMwebp_QL65_.jpg,['Tie'],"['Tire', 'Arm', 'Automotive tire', 'Synthetic rubber', 'Sleeve', 'Tread', 'Bicycle part', 'Rim', 'Automotive wheel system', 'Automotive exterior']"
Leader Spyder 27.5T MTB Cycle/Bike,https://m.media-amazon.com/images/I/81y9uUq1lnL._AC_UY327_FMwebp_QL65_.jpg,"['Tire', 'Tire', 'Wheel', 'Bicycle wheel', 'Bicycle wheel', 'Wheel', 'Wheel']","['Bicycle', 'Tire', 'Bicycles--Equipment and supplies', 'Bicycle wheel', 'Bicycle wheel rim', 'Crankset', 'Bicycle seatpost', 'Bicycle frame', 'Wheel', 'Bicycle handlebar']"
Leader Scout MTB 26T Mountain Bicycle/Bike,https://m.media-amazon.com/images/I/81wGn2TQJeL._AC_UY327_FMwebp_QL65_.jpg,"['Tire', 'Tire', 'Bicycle', 'Wheel', 'Bicycle wheel', 'Wheel', 'Bicycle wheel', 'Wheel']","['Bicycle', 'Wheel', 'Tire', 'Bicycles--Equipment and supplies', 'Bicycle wheel rim', 'Land vehicle', 'Bicycle wheel', 'Bicycle frame', 'Crankset', 'Bicycle tire']"
Urban Terrain Galaxy Pro High Performance Mountain Cycles,https://m.media-amazon.com/images/I/61Z2ibSEOxL._AC_UY327_FMwebp_QL65_.jpg,"['Tire', 'Tire', 'Bicycle wheel', 'Bicycle wheel', 'Wheel', 'Wheel', 'Bicycle']","['Bicycle', 'Tire', 'Bicycles--Equipment and supplies', 'Wheel', 'Bicycle wheel', 'Bicycle wheel rim', 'Crankset', 'Vehicle', 'Bicycle frame', 'Bicycle handlebar']"
Urban Terrain Galaxy High Performance Mountain Cycles,https://m.media-amazon.com/images/I/61QWH8VYIuL._AC_UY327_FMwebp_QL65_.jpg,"['Tire', 'Tire', 'Wheel', 'Bicycle wheel', 'Bicycle wheel', 'Wheel', 'Wheel']","['Bicycle', 'Tire', 'Wheel', 'Bicycles--Equipment and supplies', 'Bicycle wheel rim', 'Crankset', 'Bicycle seatpost', 'Bicycle handlebar', 'Bicycle wheel', 'Vehicle']"
Avon Buke Bicycles Thrust 26T MTB Cycle for Adults,https://m.media-amazon.com/images/I/61arPQZLNML._AC_UY327_FMwebp_QL65_.jpg,"['Tire', 'Tire', 'Bicycle wheel', 'Bicycle wheel']","['Bicycle', 'Wheel', 'Tire', 'Bicycles--Equipment and supplies', 'Bicycle wheel rim', 'Crankset', 'Sports equipment', 'Bicycle seatpost', 'Bicycle handlebar', 'Bicycle wheel']"
Amitasha Pull Back Motorbike High-Speed Racing Bike,https://m.media-amazon.com/images/I/41FpPQlmcfL._AC_UL480_FMwebp_QL65_.jpg,"['Tire', 'Tire', 'Wheel', 'Wheel']","['Tire', 'Wheel', 'Motocross', 'Vehicle', 'Motorcycle', 'Automotive tire', 'Enduro', 'Tread', 'Motorsport', 'Motor vehicle']"
Baybee R7 Battery Operated Bike for Kids,https://m.media-amazon.com/images/I/71BXLqma3BL._AC_UL480_FMwebp_QL65_.jpg,"['Motorcycle', 'Tire', 'Wheel', 'Tire', 'Wheel', 'Tire', 'Wheel']","['Wheel', 'Tire', 'Automotive tire', 'Vehicle', 'Automotive lighting', 'Motor vehicle', 'Motorcycle', 'Alloy wheel', 'Vehicle brake', 'Automotive design']"
GORMERY 1/12 Scale Model Compatible with Kawasaki,https://m.media-amazon.com/images/I/41zDXFipUmL.jpg,"['Motorcycle', 'Tire', 'Tire', 'Wheel', 'Wheel']","['Tire', 'Wheel', 'Automotive lighting', 'Automotive tire', 'Motorcycle', 'Vehicle', 'Motor vehicle', 'Alloy wheel', 'Tread', 'Automotive design']"
Nexus Product Bike for Kids Toy R3 Bike,https://m.media-amazon.com/images/I/71HxhWJlzaL._AC_UL480_FMwebp_QL65_.jpg,"['Tire', 'Wheel', 'Motorcycle', 'Wheel', 'Tire', 'Wheel']","['Tire', 'Wheel', 'Vehicle', 'Automotive lighting', 'Automotive tire', 'Fuel tank', 'Motorcycle', 'Automotive fuel system', 'Motor vehicle', 'Automotive design']"
PLUSPOINT Diecast Motorcycle Toy Ducati Bike,https://m.media-amazon.com/images/I/71NNd7bV8PL._AC_UL480_FMwebp_QL65_.jpg,"['Motorcycle', 'Wheel', 'Tire', 'Wheel', 'Tire', 'Wheel', 'Tire']","['Tire', 'Wheel', 'Vehicle', 'Fuel tank', 'Automotive tire', 'Automotive lighting', 'Motorcycle', 'Alloy wheel', 'Motor vehicle', 'Headlamp']"
uppercase Medium 23 Ltrs Tall Boy (14.6 inch) Laptop Backpack,https://m.media-amazon.com/images/I/61373tSdppL._AC_UY218_.jpg,['Backpack'],"['Automotive lighting', 'Motor vehicle', 'Rectangle', 'Gas', 'Automotive exterior', 'Grille', 'Electric blue', 'Auto part', 'Metal', 'Font']"
Skybags Casual Backpack 28L,https://m.media-amazon.com/images/I/71U-5XbfSWL._AC_UY218_.jpg,['Backpack'],"['Light', 'Product', 'Azure', 'Luggage and bags', 'Bag', 'Font', 'Aqua', 'Material property', 'Electric blue', 'Magenta']"
Safari Omega spacious/large laptop backpack with Raincover,https://m.media-amazon.com/images/I/71maWXZscfL._AC_UY218_.jpg,['Backpack'],"['White', 'Light', 'Product', 'Luggage and bags', 'Bag', 'Backpack', 'Material property', 'Travel', 'Electric blue', 'Font']"
BIGBERRY Newage Rodeo 28 Ltrs leatherite/faux leather Backpack,https://m.media-amazon.com/images/I/813BY8cbW8L._AC_UY218_.jpg,['Backpack'],"['Horse', 'Grey', 'Material property', 'Electric blue', 'Personal protective equipment', 'Font', 'Fashion accessory', 'Strap', 'Brand', 'Synthetic rubber']"
Impulse EmpowerElite 25L Unisex Water Resistant Travel Laptop Backpack,https://m.media-amazon.com/images/I/316YV-DXmFL._AC_UY218_.jpg,['Backpack'],"['Luggage and bags', 'Bag', 'Rectangle', 'Communication Device', 'Automotive lighting', 'Gadget', 'Gas', 'Electronic device', 'Font', 'Electric blue']"
WildHorn 31L Laptop Backpack for Men/Women,https://m.media-amazon.com/images/I/81twmbR442L._AC_UL320_.jpg,['Backpack'],"['White', 'Product', 'Black', 'Bag', 'Grey', 'Bottle', 'Rectangle', 'Sleeve', 'Gadget', 'Luggage and bags']"
"Oscillating Table Fan Quiet 3-Speed 12-Inch Adjustable Tilt Fan with Safety Grill, Ideal for Home, Office, Dorm",https://m.media-amazon.com/images/I/71zfFiLEieL._AC_UL480_FMwebp_QL65_.jpg,['Mechanical fan'],"['Electric fan', 'Product', 'Home appliance', 'Plant', 'Output device', 'Line', 'Mechanical fan', 'Audio equipment', 'Electronic device', 'Circle']"
Amazon Basics Office Computer Task Desk Chair with Padded Armrests,https://m.media-amazon.com/images/I/71GvW1qrUYL._AC_SX679_.jpg,['Chair'],"['Chair', 'Light', 'Product', 'Comfort', 'Armrest', 'Line', 'Office chair', 'Automotive design', 'Auto part', 'Tints and shades']"
Duramont Ergonomic Office Chair,https://m.media-amazon.com/images/I/61NKBZLoUtL._AC_UL480_FMwebp_QL65_.jpg,"['Furniture', 'Chair']","['Furniture', 'Chair', 'White', 'Green', 'Light', 'Product', 'Office chair', 'Black', 'Blue', 'Comfort']"
HON Scatter Side Chair,https://m.media-amazon.com/images/I/715EO96d4pL._AC_UL480_FMwebp_QL65_.jpg,"['Furniture', 'Chair']","['Furniture', 'Chair', 'Rectangle', 'Material property', 'Composite material', 'Auto part', 'Tints and shades', 'Metal', 'Comfort', 'Plastic']"
Home Office Chair Ergonomic,https://m.media-amazon.com/images/I/716tq9Y8WOL._AC_UL480_FMwebp_QL65_.jpg,"['Furniture', 'White']","['Furniture', 'White', 'Chair', 'Light', 'Black', 'Armrest', 'Comfort', 'Tints and shades', 'Rectangle', 'Auto part']"
FurnitureR Dining Chairs Set of 4,https://m.media-amazon.com/images/I/61wRnJpmKsL._AC_UL480_FMwebp_QL65_.jpg,['Chair'],"['Furniture', 'Chair', 'Wood', 'Comfort', 'Tints and shades', 'Metal', 'Fashion accessory', 'Outdoor furniture', 'Beige', 'Rectangle']"
Faux Fur Saucer Chair,https://m.media-amazon.com/images/I/51NfVF9RhzL._AC_UL480_FMwebp_QL65_.jpg,['Chair'],"['Furniture', 'Chair', 'Product', 'Comfort', 'Outdoor furniture', 'Auto part', 'Rectangle', 'Metal', 'Plastic', 'Fashion accessory']"
GTPLAYER Gaming Chair,https://m.media-amazon.com/images/I/71WvJeaS4PL._AC_UL480_FMwebp_QL65_.jpg,"['Product', 'Black']","['Product', 'Black', 'Automotive design', 'Material property', 'Font', 'Automotive tire', 'Recreation', 'Auto part', 'Automotive wheel system', 'Electric blue']"
OLIXIS Cross Legged Armless Wide Adjustable Swivel Padded Home Office Desk Chair,https://m.media-amazon.com/images/I/81QfAot46SL._AC_SX679_.jpg,['Chair'],"['Furniture', 'Chair', 'Comfort', 'Material property', 'Composite material', 'Flooring', 'Electric blue', 'Pattern', 'Armrest', 'Still life photography']"
COLAMY PU Leather Dining Chairs Set of 2,https://m.media-amazon.com/images/I/61nSeLFfOvL._AC_UL480_FMwebp_QL65_.jpg,['Chair'],"['Furniture', 'Chair', 'Wood', 'Comfort', 'Outdoor furniture', 'Armrest', 'Plywood', 'Rectangle', 'Natural material', 'Font']"
Sweetcrispy Armless Office Chair Cute Desk Chair,https://m.media-amazon.com/images/I/71GTqd5NbbL._AC_UL480_FMwebp_QL65_.jpg,['Chair'],"['Furniture', 'Chair', 'Tire', 'Comfort', 'Line', 'Armrest', 'Office chair', 'Tints and shades', 'Automotive design', 'Auto part']"
POLY & BARK Isla Modern Kitchen Chairs Set of 4,https://m.media-amazon.com/images/I/71jERm+78-L._AC_UL480_FMwebp_QL65_.jpg,['Chair'],"['Furniture', 'White', 'Chair', 'Grey', 'Rectangle', 'Material property', 'Composite material', 'Comfort', 'Wood', 'Flooring']"
YSSOA Gaming Chair,https://m.media-amazon.com/images/I/81Yud-f1tkL._AC_SX679_.jpg,['Chair'],"['Chair', 'White', 'Comfort', 'Automotive design', 'Office chair', 'Armrest', 'Flash photography', 'Auto part', 'Fashion accessory', 'Carmine']"
OSP Home Furnishings Wicker Papasan Chair,https://m.media-amazon.com/images/I/81BNLNp0wKL._AC_UL480_FMwebp_QL65_.jpg,{'Chair'},"['Hand', 'Outerwear', 'Arm', 'Furniture', 'Leg', 'White', 'Human body', 'Neck', 'Sleeve', 'Gesture']"
Mimoglad Office Chair,https://m.media-amazon.com/images/I/711fWqiV1kL._AC_UL480_FMwebp_QL65_.jpg,['Chair'],"['White', 'Light', 'Product', 'Chair', 'Automotive design', 'Armrest', 'Comfort', 'Material property', 'Medical equipment', 'Beauty']"
Dowinx Gaming Chair Fabric with Pocket Spring Cushion,https://m.media-amazon.com/images/I/71wTMO+iQIL._AC_UL480_FMwebp_QL65_.jpg,['Chair'],"['White', 'Product', 'Office chair', 'Automotive design', 'Comfort', 'Chair', 'Armrest', 'Sitting', 'Font', 'Fashion accessory']"
Nouhaus Ergonomic Office Chair Premium Microfiber,https://m.media-amazon.com/images/I/714dgnDWZlL._AC_UL480_FMwebp_QL65_.jpg,['Chair'],"['White', 'Automotive design', 'Wheel', 'Chair', 'Armrest', 'Comfort', 'Auto part', 'Fashion accessory', 'Automotive wheel system', 'Electric blue']"
Executive Office Chair,https://m.media-amazon.com/images/I/61vQK1hRXyL._AC_UL480_FMwebp_QL65_.jpg,"['Brown', 'Furniture']","['Brown', 'Furniture', 'Chair', 'Comfort', 'Line', 'Armrest', 'Office chair', 'Wood', 'Metal', 'Auto part']"
Home Office Chair Work Desk Chair Comfort Ergonomic,https://m.media-amazon.com/images/I/71gfQm3utTL._AC_UL480_FMwebp_QL65_.jpg,"['Window', 'Chair']","['Furniture', 'White', 'Product', 'Chair', 'Comfort', 'Purple', 'Window', 'Office chair', 'Armrest', 'Floor']"
Office Desk Chair Big and Tall Executive Office Chair,https://m.media-amazon.com/images/I/61+i2MDZA3L._AC_UL480_FMwebp_QL65_.jpg,['Chair'],"['Furniture', 'Chair', 'White', 'Light', 'Product', 'Comfort', 'Office chair', 'Black', 'Automotive design', 'Armrest']"
Armless Home Office Desk Chair with Wheels,https://m.media-amazon.com/images/I/511cZTveX1L._AC_UL480_FMwebp_QL65_.jpg,['Chair'],"['Office chair', 'Furniture', 'Chair', 'Auto part', 'Gas', 'Tints and shades', 'Armrest', 'Composite material', 'Comfort', 'Automotive exterior']"
Executive Office Chair,https://m.media-amazon.com/images/I/61dBNugXpFL._AC_UL480_FMwebp_QL65_.jpg,['Chair'],"['Furniture', 'Chair', 'Line', 'Tire', 'Musical instrument accessory', 'Automotive design', 'Comfort', 'Bicycle part', 'Metal', 'Auto part']"
"Fresh Banana Robusta, 1kg",https://m.media-amazon.com/images/I/51ebZJ+DR4L._AC_UL320_.jpg,['Banana'],"['Food', 'Banana', 'Plant', 'Cooking plantain', 'Natural foods', 'Fruit', 'Saba banana', 'Staple food', 'Banana family', 'Ingredient']"
Bajaj Frore Neo Table Fan 400 MM,https://m.media-amazon.com/images/I/61uCb3XScbL._AC_UY218_.jpg,['Mechanical fan'],"['Plant', 'Electric fan', 'Home appliance', 'Tree', 'Rim', 'Mechanical fan', 'Audio equipment', 'Circle', 'Electronic device', 'Automotive wheel system']"
"Fresh Water Melon - Kiran, 1 Pc, 2 kg, fresh",https://m.media-amazon.com/images/I/71ZaS7W9dYL._AC_UL320_.jpg,"['Watermelon', 'Fruit']","['Food', 'Fruit', 'Plant', 'Watermelon', 'Citrullus', 'Natural foods', 'Produce', 'Ingredient', 'Superfood', 'Cuisine']"
"Fresh Avocado, 1 Pc pack",https://m.media-amazon.com/images/I/71cs5TNn-LL._AC_UL320_.jpg,['Fruit'],"['Food', 'Fruit', 'Natural foods', 'Staple food', 'Ingredient', 'Superfood', 'Produce', 'Terrestrial plant', 'Local food', 'Accessory fruit']"
Fresh Lemon 3 Pieces (90gram - 110gram) FreshFresh,https://m.media-amazon.com/images/I/61k83pTVP9L._AC_UL320_.jpg,{'Lemon'},"['Plant', 'Citrus', 'Tangelo', 'Yellow', 'Rangpur', 'Fruit', 'Sweet lemon', 'Natural foods', 'Food', 'Ingredient']"
puma shoes,https://m.media-amazon.com/images/I/41IzuimUVQL._AC_UL320_.jpg,['Shoe'],"['Footwear', 'Shoe', 'Walking shoe', 'Sneakers', 'Sportswear', 'Font', 'Athletic shoe', 'Composite material', 'Carmine', 'Logo']"
nike shoes,https://m.media-amazon.com/images/I/71F3SMPmvsL._AC_UL320_.jpg,['Shoe'],"['Footwear', 'Shoe', 'Outdoor shoe', 'Walking shoe', 'Sneakers', 'Grey', 'Sportswear', 'Font', 'Beige', 'Athletic shoe']"
campus shoes,https://m.media-amazon.com/images/I/61ZkAUn32QL._AC_UL320_.jpg,['Shoe'],"['Footwear', 'Shoe', 'Walking shoe', 'Sportswear', 'Grey', 'Sneakers', 'Outdoor shoe', 'Font', 'Skate shoe', 'Electric blue']"
puma shoes,https://m.media-amazon.com/images/I/51n0YcGg0aL._AC_UL320_.jpg,['Shoe'],"['Footwear', 'Shoe', 'Walking shoe', 'Mammal', 'Sneakers', 'Grey', 'Sportswear', 'Font', 'Electric blue', 'Athletic shoe']"
bracelet,https://assets.ajio.com/medias/sys_master/root/20231004/yxvi/651c837cddf77915191760e6/-473Wx593H-466658498-gold-MODEL.jpg,{'Bracelet'},"['Orange', 'Body jewelry', 'Font', 'Jewellery', 'Wedding ceremony supply', 'Tints and shades', 'Personal protective equipment', 'Ring', 'Metal', 'Circle']"
bracelet,https://assets.ajio.com/medias/sys_master/root/20230715/UK7c/64b1cc03a9b42d15c9565fcd/-473Wx593H-466361608-white-MODEL.jpg,['Bracelet'],"['Brown', 'Body jewelry', 'Creative arts', 'Natural material', 'Eyewear', 'Jewellery', 'Jewelry making', 'Bracelet', 'Circle', 'Art']"
bracelet,https://assets.ajio.com/medias/sys_master/root/20230915/2kRd/650369b0afa4cf41f5e6c28e/-473Wx593H-466581367-silver-MODEL.jpg,{'Bracelet'},"['Natural material', 'Creative arts', 'Jewellery', 'Electric blue', 'Art', 'Twig', 'Hair accessory', 'Jewelry making', 'Circle', 'Metal']"
bracelet,https://assets.ajio.com/medias/sys_master/root/20231230/TBz7/658f9b16afa4cf41f5f79977/-473Wx593H-466932214-silver-MODEL.jpg,{'Bracelet'},"['Leg', 'Dress', 'Human body', 'Body jewelry', 'Collar', 'Wrist', 'Jewellery', 'Human leg', 'Foot', 'Sleeve']"
bracelet,https://assets.ajio.com/medias/sys_master/root/20220707/PX0u/62c6f322f997dd03e2c26b3f/-473Wx593H-469022378-multi-MODEL.jpg,{'Bracelet'},"['Joint', 'White', 'Neck', 'Sleeve', 'Body jewelry', 'Gesture', 'Nail', 'Thumb', 'Waist', 'Finger']"
bracelet,https://assets.ajio.com/medias/sys_master/root/20230605/vC8q/647de3e442f9e729d722c08b/-473Wx593H-466234304-black-MODEL.jpg,{'Bracelet'},"['Sports equipment', 'Material property', 'Automotive tire', 'Font', 'Rim', 'Jewellery', 'Personal protective equipment', 'Strap', 'Auto part', 'Electric blue']"
bracelet,https://assets.ajio.com/medias/sys_master/root/20230621/HMIR/64927fc4d55b7d0c638f1970/-473Wx593H-463819376-brown-MODEL.jpg,{'Bracelet'},"['Brown', 'Body jewelry', 'Red', 'Creative arts', 'Jewellery', 'Font', 'Chain', 'Circle', 'Natural material', 'Metal']"
pen,https://assets.ajio.com/medias/sys_master/root/20231215/a5x8/657c3a9fddf7791519d2280a/-473Wx593H-465028488-red-MODEL.jpg,['Pen'],"['Pen', 'Writing implement', 'Office supplies', 'Ball pen', 'Office instrument', 'Writing instrument accessory', 'Stationery', 'Electric blue', 'Font', 'Fountain pen']"
pen,https://assets.ajio.com/medias/sys_master/root/20230830/zDj4/64ef6c83ddf77915198ba6ff/-473Wx593H-466514797-black-MODEL2.jpg,{'Pen'},"['Office supplies', 'Writing implement', 'Font', 'Office instrument', 'Electric blue', 'Stationery', 'Musical instrument accessory']"
pen,https://assets.ajio.com/medias/sys_master/root/20230518/VKsS/6466127842f9e729d79651e5/-473Wx593H-410320761-black-MODEL.jpg,"['Eye', 'Cosmetics']","['Eye', 'Cosmetics', 'Liquid', 'Fluid', 'Gas', 'Cylinder', 'Metal', 'Magenta', 'Font', 'Titanium']"
pen,https://assets.ajio.com/medias/sys_master/root/20230830/355x/64ef6c83ddf77915198ba776/-473Wx593H-466514797-black-MODEL.jpg,['Pen'],"['Writing implement', 'Office supplies', 'Pen', 'Font', 'Writing instrument accessory', 'Stationery', 'Drawing', 'Slope', 'Ball pen']"
pen,https://encrypted-tbn0.gstatic.com/images?q=tbn:ANd9GcQmgKKGtAgQrx15DIJ51h9WPehQHOLB9tiO2w&s,['Pen'],"['Pen', 'Office supplies', 'Writing implement', 'Ball pen', 'Liquid', 'Office instrument', 'Electric blue', 'Stationery', 'Writing instrument accessory', 'Fashion accessory']"
pen,https://encrypted-tbn0.gstatic.com/images?q=tbn:ANd9GcSTBuFlofDPiUzrF2Zs3cf-e2kp1PFFLOR1rw&s,['Pen'],"['Writing implement', 'Office supplies', 'Pen', 'Office instrument', 'Wood', 'Everyday carry', 'Tints and shades', 'Stationery', 'Writing instrument accessory', 'Font']"
bottle,https://assets.ajio.com/medias/sys_master/root/20240103/K1R8/65958f24afa4cf41f5004905/-473Wx593H-466943830-blue-MODEL.jpg,['Bottle'],"['Liquid', 'Product', 'Drinkware', 'Bottle', 'Fluid', 'Solution', 'Plastic bottle', 'Drink', 'Material property', 'Gas']"
bottle,https://assets.ajio.com/medias/sys_master/root/20230621/1diD/6492fad542f9e729d774e75c/-473Wx593H-466293827-pink-MODEL.jpg,"['Drinkware', 'Font']","['Drinkware', 'Font', 'Fictional character', 'Liquid', 'Toy', 'Art', 'Junk food', 'Drink', 'Carbonated soft drinks', 'Cone']"
bottle,https://assets.ajio.com/medias/sys_master/root/20230814/RRO7/64da0820a9b42d15c9a9d95c/-473Wx593H-466451984-silver-MODEL.jpg,['Bottle'],"['Bottle', 'Liquid', 'Drinkware', 'Fluid', 'Cylinder', 'Plastic bottle', 'Glass bottle', 'Drink', 'Glass', 'Metal']"
bottle,https://assets.ajio.com/medias/sys_master/root/20221221/ml3v/63a339d8f997ddfdbdeb7e0f/-473Wx593H-410343520-d-MODEL.jpg,{'Vacuum flask'},"['Mobile phone', 'Communication Device', 'Portable communications device', 'Font', 'Tints and shades', 'Electronic device', 'Cylinder', 'Gadget', 'Magenta', 'Metal']"
bottle,https://assets.ajio.com/medias/sys_master/root/20240103/qgIO/6595921bafa4cf41f5009e78/-473Wx593H-466943864-blue-MODEL.jpg,{'Bottle'},"['Liquid', 'Fluid', 'Paint', 'Cylinder', 'Gadget', 'Gas', 'Tin', 'Camera accessory', 'Electric blue', 'Drink']"
bottle,https://assets.ajio.com/medias/sys_master/root/20240103/2ziI/6595915eafa4cf41f5008944/-473Wx593H-466943816-purple-MODEL.jpg,"{'Bottle', 'Bottled and jarred packaged goods'}","['Liquid', 'Purple', 'Fluid', 'Drinkware', 'Plastic bottle', 'Drink', 'Violet', 'Gas', 'Magenta', 'Chemical compound']"
bottle,https://assets.ajio.com/medias/sys_master/root/20230817/78uP/64dd359ba9b42d15c9b3e3c1/-473Wx593H-466466436-pink-MODEL.jpg,{'Bottle'},"['Liquid', 'Drinkware', 'Plastic bottle', 'Water bottle', 'Tableware', 'Cylinder', 'Magenta', 'Drink', 'Serveware', 'Plastic']"
bottle,https://assets.ajio.com/medias/sys_master/root/hde/hac/13741105250334/-1117Wx1400H-440999755-blue-MODEL.jpg,['Bottle'],"['Bottle', 'Liquid', 'Solution', 'Water', 'Azure', 'Fluid', 'Water bottle', 'Plastic bottle', 'Drink', 'Cylinder']"
bottle,https://assets.ajio.com/medias/sys_master/root/20230804/pdTY/64cc00a0a9b42d15c989d635/-473Wx593H-466416226-green-MODEL.jpg,"{'Vacuum flask', 'Bottle'}","['Tableware', 'Liquid', 'Drinkware', 'Serveware', 'Fluid', 'Artifact', 'Cylinder', 'Rectangle', 'Pattern', 'Metal']"
bottle,https://assets.ajio.com/medias/sys_master/root/20230606/PelX/647f343742f9e729d7285600/-473Wx593H-466241384-silver-MODEL.jpg,{'Vacuum flask'},"['Liquid', 'Bottle', 'Fluid', 'Plastic bottle', 'Drinkware', 'Cylinder', 'Tints and shades', 'Titanium', 'Cosmetics', 'Solvent']"
watch,https://assets.ajio.com/medias/sys_master/root/20230621/BSGk/6492b7dd42f9e729d76e0ec7/-473Wx593H-464058790-rosegold-MODEL.jpg,['Shoe'],"['Hand', 'Shoe', 'Arm', 'Body jewelry', 'Neck', 'Gesture', 'Finger', 'Wrist', 'Clock', 'Nail']"
watch,https://assets.ajio.com/medias/sys_master/root/20220311/E5wy/622b6b89f997dd03e20e2d22/-473Wx593H-410111441-multi-MODEL.jpg,['Watch'],"['Watch', 'Analog watch', 'Watch accessory', 'Clock', 'Font', 'Metal', 'Electric blue', 'Fashion accessory', 'Brand', 'Steel']"
watch,https://assets.ajio.com/medias/sys_master/root/20240213/K58x/65cb805316fd2c6e6af49dab/-473Wx593H-4934005890-multi-MODEL.jpg,['Watch'],"['Watch', 'Analog watch', 'Watch accessory', 'Clock', 'Rectangle', 'Font', 'Metal', 'Liquid', 'Electric blue', 'Brand']"
watch,https://assets.ajio.com/medias/sys_master/root/20230712/QKhQ/64ae9bfaa9b42d15c94ecece/-473Wx593H-469514575-rosegold-MODEL.jpg,{'Watch'},"['Gas', 'Jewellery', 'Rectangle', 'Circle', 'Fashion accessory', 'Font', 'Titanium', 'Metal', 'Still life photography', 'Glass']"
watch,https://assets.ajio.com/medias/sys_master/root/20230921/ZigH/650b52b2afa4cf41f5f5e324/-473Wx593H-466607227-gold-MODEL.jpg,['Watch'],"['Watch', 'Analog watch', 'Rectangle', 'Clock', 'Watch accessory', 'Font', 'Circle', 'Metal', 'Brand', 'Fashion accessory']"
watch,https://assets.ajio.com/medias/sys_master/root/20230602/pmx6/6479de8ed55b7d0c6347a28f/-473Wx593H-469514424-brown-MODEL.jpg,['Watch'],"['Watch', 'Brown', 'Analog watch', 'Rectangle', 'Watch accessory', 'Clock', 'Font', 'Strap', 'Metal', 'Brand']"
watch,https://assets.ajio.com/medias/sys_master/root/20230830/F9Je/64ef661bddf77915198b75fb/michael_kors__water-resistant_chronograph_watch_-_mk9111.jpg,['Watch'],"['Watch', 'Analog watch', 'Watch accessory', 'Clock', 'Rectangle', 'Font', 'Electric blue', 'Metal', 'Natural material', 'Brand']"
watch,https://assets.ajio.com/medias/sys_master/root/20230103/9vka/63b3d6caf997ddfdbd0c3314/-473Wx593H-4933532680-multi-MODEL.jpg,['Watch'],"['Watch', 'Analog watch', 'Clock', 'Rectangle', 'Watch accessory', 'Font', 'Fashion accessory', 'Circle', 'Strap', 'Electric blue']"
watch,https://assets.ajio.com/medias/sys_master/root/20240227/b64B/65ddfeb405ac7d77bb800278/-473Wx593H-469605654-black-MODEL.jpg,['Watch'],"['Watch', 'Camera accessory', 'Flash photography', 'Clock', 'Watch accessory', 'Gadget', 'Communication Device', 'Font', 'Cameras & optics', 'Jewellery']"
shirt,https://m.media-amazon.com/images/I/814SUqsmY-L._AC_UY1100_.jpg,{'Top'},"['Clothing', 'Hair', 'Head', 'Outerwear', 'Smile', 'Arm', 'Azure', 'Dress shirt', 'Neck', 'Sleeve']"
shirt,https://m.media-amazon.com/images/I/61Fta9EITxL._AC_UY1100_.jpg,"['Outerwear', 'Shirt']","['Clothing', 'Outerwear', 'Black', 'Sleeve', 'Textile', 'Collar', 'Pattern', 'Button', 'Electric blue', 'Composite material']"
shirt,https://m.media-amazon.com/images/I/41lfr9JmCSL._AC_UY1100_.jpg,"{'Top', 'Shirt', 'Pants'}","['Clothing', 'Joint', 'Outerwear', 'Arm', 'Shoulder', 'Watch', 'Smile', 'White', 'Dress shirt', 'Neck']"
shirt,https://m.media-amazon.com/images/I/41Vv54VfFUL._AC_UY1100_.jpg,"['Glasses', 'Sunglasses']","['Glasses', 'Outerwear', 'Shoulder', 'Goggles', 'Sunglasses', 'Dress shirt', 'Neck', 'Vision care', 'Sleeve', 'Gesture']"
shirt,https://m.media-amazon.com/images/I/61vDrzGiCXL._AC_UY1100_.jpg,"{'Person', 'Top'}","['Dress shirt', 'Neck', 'Sleeve', 'Orange', 'Gesture', 'Collar', 'Beard', 'Pink', 'Blazer', 'Button']"
shirt,https://m.media-amazon.com/images/I/61x0lcxuZWL._AC_UY1100_.jpg,"{'Top', 'Shirt'}","['Outerwear', 'Photograph', 'Dress shirt', 'Neck', 'Sleeve', 'Collar', 'Blazer', 'Electric blue', 'Fashion design', 'Pattern']"
shirt,https://img101.urbanic.com/v1/goods-pic/7b814e22a266410582624eb54f030dbfUR_w750_q90.webp,"{'Top', 'Shirt'}","['Clothing', 'Outerwear', 'Neck', 'Sleeve', 'Dress shirt', 'Collar', 'Jersey', 'T-shirt', 'Sleeveless shirt', 'Blazer']"
shirt,https://img101.urbanic.com/v1/goods-pic/70b5babeed2547439128e9a5a7c32912UR_w750_q90.webp,{'Top'},"['Neck', 'Sleeve', 'Collar', 'Woolen', 'Wool', 'Electric blue', 'Pattern', 'Magenta', 'Fashion accessory', 'Button']"
shirt,https://img101.urbanic.com/v1/goods-pic/6fd65c0a19c84d0387ea43c950809124UR_w750_q90.webp,['Top'],"['Sleeve', 'Collar', 'T-shirt', 'Electric blue', 'Fashion accessory', 'Font', 'Pattern', 'Magenta', 'Top', 'Carmine']"
Top,https://i.pinimg.com/originals/2e/88/a5/2e88a52be17ccbce0306aae0a295138c.jpg,{'Top'},"['Outerwear', 'Neck', 'Sleeve', 'T-shirt', 'Grey', 'Font', 'Active shirt', 'Magenta', 'Pattern', 'Electric blue']"
Watch,https://w7.pngwing.com/pngs/566/206/png-transparent-watch-strap-clock-luxury-watch-blue-watch-accessory-accessories-thumbnail.png,['Watch'],"['Watch', 'Analog watch', 'Photograph', 'White', 'Light', 'Rectangle', 'Clock', 'Font', 'Material property', 'Silver']"
Shirt,https://funkybabaji.com/cdn/shop/files/9.png?v=1703327174,"{'Top', 'Shirt'}","['Sleeve', 'Collar', 'Magenta', 'Button', 'Pattern', 'Fashion accessory', 'Electric blue', 'Carmine', 'Polo shirt', 'Peach']"
Shoe,https://encrypted-tbn0.gstatic.com/images?q=tbn:ANd9GcQ5pWafZ0JwWBLGBprZTcHjc8ROd2pLfqocIA&s,['Shoe'],"['Footwear', 'Shoe', 'Walking shoe', 'Cleat', 'Sportswear', 'Sneakers', 'Slope', 'Font', 'Electric blue', 'Outdoor shoe']"
Headphones,https://w7.pngwing.com/pngs/68/524/png-transparent-red-wireless-headphones-wearing-headphones-red-headphones.png,['Headphones'],"['Peripheral', 'Output device', 'Communication Device', 'Audio equipment', 'Gadget', 'Font', 'Ear', 'Headphones', 'Electronic device', 'Magenta']"
Top,https://w7.pngwing.com/pngs/695/311/png-transparent-t-shirt-hoodie-polo-shirt-tshirt-tshirt-active-shirt-jersey-thumbnail.png,{'Top'},"['Outerwear', 'White', 'Neck', 'Sleeve', 'Jersey', 'Collar', 'T-shirt', 'Pink', 'Font', 'Magenta']"
Watch,https://img.freepik.com/free-vector/smart-watch-realistic-image-black_1284-11873.jpg?size=338&ext=jpg&ga=GA1.1.1141335507.1717891200&semt=ais_user,['Watch'],"['Watch', 'Clock', 'Communication Device', 'Gadget', 'Rectangle', 'Watch accessory', 'Font', 'Technology', 'Portable communications device', 'Personal protective equipment']"
Shirt,https://5.imimg.com/data5/SELLER/Default/2024/3/403307857/OC/DE/TP/191161900/safeimagekit-resized-img-2024-03-22t152604-927-500x500.png,"{'Top', 'Shirt'}","['Dress shirt', 'Neck', 'Sleeve', 'Collar', 'Fashion design', 'Blazer', 'Font', 'Formal wear', 'T-shirt', 'Button']"
Shoe,https://encrypted-tbn0.gstatic.com/images?q=tbn:ANd9GcQvwW-j7QbIfIuvY4N_lMHpAtQ33cLWH1MeZw&s,['Shoe'],"['Footwear', 'Shoe', 'Sneakers', 'Walking shoe', 'Cleat', 'Outdoor shoe', 'Sportswear', 'Font', 'Athletic shoe', 'Magenta']"
Headphones,https://encrypted-tbn0.gstatic.com/images?q=tbn:ANd9GcT_ZMmC_arWyAfTEivjK9c1OXKjQZOgPwuNrw&s,{'Headphones'},"['Azure', 'Blue', 'Font', 'Material property', 'Electric blue', 'Gadget', 'Automotive wheel system', 'Circle', 'Audio equipment', 'Plastic']"
Top,https://img.lovepik.com/element/45007/9562.png_860.png,{'Top'},"['Sleeve', 'Baby & toddler clothing', 'Grey', 'Font', 'T-shirt', 'Sportswear', 'Active shirt', 'Pattern', 'Jersey', 'Logo']"
Watch,https://encrypted-tbn0.gstatic.com/images?q=tbn:ANd9GcQhfhFKTTxPSQ8SFdiorEZiNatis9w_RU-Qdw&s,['Watch'],"['Watch', 'Analog watch', 'Clock', 'Silver', 'Font', 'Watch accessory', 'Jewellery', 'Everyday carry', 'Strap', 'Rectangle']"
Shirt,https://encrypted-tbn0.gstatic.com/images?q=tbn:ANd9GcRKaehMhPrCpNLznfHXxO_KITbgAM8LxUyNjg&s,{'Top'},"['Outerwear', 'Product', 'Purple', 'Fashion', 'Textile', 'Sleeve', 'Collar', 'Creative arts', 'Pattern', 'Font']"
Shoe,https://www.lakhanifootwear.com/media/wysiwyg/touch-shoes.png,['Shoe'],"['Footwear', 'Shoe', 'Product', 'Walking shoe', 'Sneakers', 'Outdoor shoe', 'Grey', 'Sportswear', 'Font', 'Electric blue']"
Headphones,https://encrypted-tbn0.gstatic.com/images?q=tbn:ANd9GcTr3bkvxGi64qYVr_bm11vsu04C9JgCca-Oyg&s,['Headphones'],"['Output device', 'Audio equipment', 'Gadget', 'Peripheral', 'Font', 'Technology', 'Headphones', 'Communication Device', 'Fashion accessory', 'Magenta']"
Top,https://m.media-amazon.com/images/I/61sqPYyp-AL._AC_UY1100_.jpg,"['Top','T-shirt']","['Head', 'White', 'Felidae', 'Carnivore', 'Sleeve', 'Big cats', 'Masai lion', 'Lion', 'Snout', 'T-shirt']"
Watch,https://image.similarpng.com/very-thumbnail/2020/07/Realistic-red-grey-watch-clock-chronograph-vector-PNG.png,['Watch'],"['Watch', 'Analog watch', 'Clock', 'Font', 'Watch accessory', 'Rectangle', 'Material property', 'Red', 'Jewellery', 'Circle']"
Shirt,https://encrypted-tbn0.gstatic.com/images?q=tbn:ANd9GcQyB_e3o7IhM5Cj6cZrgqd_3R4XuRm5CsD_mw&s,"{'Top', 'Shirt'}","['Sleeve', 'Collar', 'Dress shirt', 'Electric blue', 'Button', 'Pattern', 'Fashion accessory', 'Magenta', 'Pocket', 'Baby & toddler clothing']"
Shoe,https://e7.pngegg.com/pngimages/928/628/png-clipart-sneakers-skate-shoe-puma-sportswear-puma-white-suede.png,['Shoe'],"['Footwear', 'Shoe', 'White', 'Azure', 'Walking shoe', 'Sportswear', 'Sneakers', 'Aqua', 'Font', 'Electric blue']"
Headphones,https://www.boat-lifestyle.com/cdn/shop/products/e5881832-36f8-4c1c-a767-10f2c2a55a02_288x.png?v=1685708053,['Headphones'],"['Peripheral', 'Output device', 'Communication Device', 'Gadget', 'Audio equipment', 'Headphones', 'Font', 'Rim', 'Electric blue', 'Plastic']"
Top,https://image.similarpng.com/very-thumbnail/2020/08/White-t-shirt-print-on-transparent-background-PNG.png,{'Top'},"['Tableware', 'Beard', 'Sleeve', 'Gesture', 'T-shirt', 'Grey', 'Font', 'Active shirt', 'Facial hair', 'Moustache']"
Watch,https://www.pngall.com/wp-content/uploads/2016/04/Watch-PNG-Pic.png,{'Wall clock'},"['Furniture', 'Analog watch', 'Clock', 'Material property', 'Font', 'Quartz clock', 'Rectangle', 'Measuring instrument', 'Circle', 'Slope']"
Shirt,https://m.media-amazon.com/images/I/51zkKVzqlcL._SX522_.jpg,{'Top'},"['Outerwear', 'Jersey', 'Sleeve', 'Collar', 'T-shirt', 'Font', 'Sportswear', 'Aqua', 'Sleeveless shirt', 'Sports jersey']"
Shoe,https://encrypted-tbn0.gstatic.com/images?q=tbn:ANd9GcTUsS8UQ71aUaNIwJV73kF1HjLhkYALgKCy_g&s,['Shoe'],"['Footwear', 'Shoe', 'Grey', 'Walking shoe', 'Font', 'Sneakers', 'Athletic shoe', 'Pattern', 'Electric blue', 'Carmine']"
Headphones,https://prod4-sprcdn-assets.sprinklr.com/200052/923d30e3-be94-4ac9-941f-1584cad661c5-720536175/Screenshot_2023-06-20_162946-r.png,{'Headphones'},"['Tire', 'Automotive tire', 'Automotive design', 'Wheel', 'Audio equipment', 'Font', 'Auto part', 'Personal protective equipment', 'Automotive wheel system', 'Rim']"
Top,https://img.lovepik.com/element/45007/9556.png_860.png,{'Top'},"['Sleeve', 'Grey', 'T-shirt', 'Font', 'Jersey', 'Sportswear', 'Baby & toddler clothing', 'Active shirt', 'Pattern', 'Electric blue']"
Watch,https://encrypted-tbn0.gstatic.com/images?q=tbn:ANd9GcRVuyHmCzTCTBygS49sRGLNklYFAFzM4iagGA&s,['Watch'],"['Watch', 'Analog watch', 'Rectangle', 'Clock', 'Grey', 'Material property', 'Watch accessory', 'Font', 'Silver', 'Electric blue']"
Shirt,https://m.media-amazon.com/images/I/51RthiG0RFL._SY679_.jpg,{'Top'},"['Sleeve', 'Collar', 'Dress shirt', 'Jersey', 'Pattern', 'T-shirt', 'Electric blue', 'Sleeveless shirt', 'Font', 'Fashion accessory']"
Shoe,https://i.pinimg.com/736x/b8/fe/48/b8fe489ac5063b7a226bd9be14ec076a.jpg,['Shoe'],"['Footwear', 'Shoe', 'Outdoor shoe', 'Sneakers', 'Walking shoe', 'Sportswear', 'Grey', 'Font', 'Aqua', 'Electric blue']"
Headphones,https://5.imimg.com/data5/GE/RC/MY-63560896/jbl-headphones-t450bt.png,['Headphones'],"['Peripheral', 'Output device', 'Audio equipment', 'Gadget', 'Communication Device', 'Headphones', 'Handwriting', 'Rim', 'Multimedia', 'Font']"
Top,https://5.imimg.com/data5/SELLER/Default/2023/2/GV/ST/II/15179356/naruto-anime-unisex-printed-tshirt.png,{'Top'},"['Outerwear', 'Jersey', 'Sleeve', 'T-shirt', 'Collar', 'Sportswear', 'Font', 'Active shirt', 'Handwriting', 'Logo']"
Watch,https://encrypted-tbn0.gstatic.com/images?q=tbn:ANd9GcRBumpZL7FrcXhUnePLyEcaZgOoqHjpovnrOQ&s,{'Wall clock'},"['Watch', 'Analog watch', 'Clock', 'Quartz clock', 'Watch accessory', 'Material property', 'Font', 'Rectangle', 'Circle', 'Electric blue']"
Shirt,https://m.media-amazon.com/images/I/71On2XSPuRL._SY741_.jpg,"{'Top', 'Shirt'}","['Jersey', 'Azure', 'Dress shirt', 'Sleeve', 'Sports uniform', 'Collar', 'Aqua', 'Sportswear', 'T-shirt', 'Blazer']"
Shoe,https://encrypted-tbn0.gstatic.com/images?q=tbn:ANd9GcQH0jwEO4UsPWk5TSx9P42I8SxYpqn8Tax4Tg&s,"['Shoe', 'Footwear']","['Footwear', 'Shoe', 'Sneakers', 'Cleat', 'Outdoor shoe', 'Walking shoe', 'Grey', 'Sportswear', 'Font', 'Aqua']"
Headphones,https://encrypted-tbn0.gstatic.com/images?q=tbn:ANd9GcSO4Z6wBHoqVypOpMHB59feOD-_0nz-pYlCFQ&s,['Headphones'],"['Output device', 'Sports equipment', 'Ear', 'Gadget', 'Material property', 'Audio equipment', 'Font', 'Peripheral', 'Headphones', 'Magenta']"
Top,https://static.vecteezy.com/system/resources/previews/022/507/112/original/harajuku-cartoon-anime-naruto-pain-t-shirts-free-png.png,{'Top'},"['Outerwear', 'Product', 'Sleeve', 'T-shirt', 'Cartoon', 'Font', 'Art', 'Collar', 'Plant', 'Active shirt']"
Watch,https://encrypted-tbn0.gstatic.com/images?q=tbn:ANd9GcTl7RJyKKhFMGP0Ory2bke9VKe7h09YPCUF8A&s,['Watch'],"['Watch', 'Analog watch', 'Clock', 'Watch accessory', 'Material property', 'Font', 'Silver', 'Jewellery', 'Electric blue', 'Rectangle']"
Shirt,https://m.media-amazon.com/images/I/71z2V6TgeoL._SX679_.jpg,{'Top'},"['Outerwear', 'Product', 'Sleeve', 'Textile', 'Grey', 'Collar', 'Font', 'Pattern', 'Magenta', 'Fashion accessory']"
Shoe,https://5.imimg.com/data5/FU/AY/DI/SELLER-38458293/smlblu.png,['Shoe'],"['Footwear', 'Shoe', 'Walking shoe', 'Sportswear', 'Grey', 'Sneakers', 'Running shoe', 'Font', 'Electric blue', 'Athletic shoe']"
Headphones,https://w7.pngwing.com/pngs/369/385/png-transparent-noise-cancelling-headphones-bose-quietcomfort-35-active-noise-control-headphones-electronics-bluetooth-electronic-device.png,['Headphones'],"['Peripheral', 'Output device', 'Gadget', 'Audio equipment', 'Communication Device', 'Font', 'Headphones', 'Electronic device', 'Metal', 'Fashion accessory']"
Bracelet,https://static.vecteezy.com/system/resources/thumbnails/011/222/102/small/stylish-bracelet-to-wear-on-hand-free-png.png,{'Bracelet'},"['Body jewelry', 'Jewellery', 'Art', 'Camera accessory', 'Creative arts', 'Circle', 'Font', 'Event', 'Pattern', 'Fashion accessory']"
Bracelet,https://images.creativefabrica.com/products/previews/2024/01/17/ygSMzApF2/2b5zXJ72OVFTK37IajSU3H9Rh5O-mobile.jpg,['Bracelet'],"['Body jewelry', 'Dishware', 'Bangle', 'Serveware', 'Bracelet', 'Collar', 'Art', 'Jewellery', 'Wristband', 'Circle']"
Bracelet,https://image.similarpng.com/very-thumbnail/2020/10/Golden-bracelet-jewelry-on-transparent-background-PNG.png,{'Bracelet'},"['Natural material', 'Amber', 'Creative arts', 'Body jewelry', 'Jewellery', 'Magenta', 'Font', 'Metal', 'Peach', 'Fashion accessory']"
Bottle,https://img.freepik.com/free-photo/photorealistic-water-bottle_23-2151049030.jpg,['Bottle'],"['Water', 'Bottle', 'Drinkware', 'Liquid', 'Water bottle', 'Mineral water', 'Drinking water', 'Solution', 'Fluid', 'Drink']"
Bottle,https://i.pinimg.com/736x/df/1e/a3/df1ea3527bb285b2a0b4a6e61a6ba9ad.jpg,['Bottle'],"['Bottle', 'Liquid', 'Product', 'Fluid', 'Font', 'Plastic bottle', 'Material property', 'Tints and shades', 'Personal care', 'Drinkware']"
Bottle,https://encrypted-tbn0.gstatic.com/images?q=tbn:ANd9GcR7J_bn4kLNxhp935XB69TIW8Oo_ghIyNn7ag&s,"['Bottle', 'Drink', 'Wine bottle']","['Bottle', 'Glass bottle', 'Liquid', 'Wine', 'Alcoholic beverage', 'Wine bottle', 'Ingredient', 'Bottle cap', 'Drink', 'Distilled beverage']"
Sunglasses,https://m.media-amazon.com/images/I/51wwVl2r-WL._SX679_.jpg,['Sunglasses'],"['Vision care', 'Sunglasses', 'Eye glass accessory', 'Automotive design', 'Eyewear', 'Goggles', 'Optometry', 'Font', 'Gadget', 'Silver']"
Sunglasses,https://m.media-amazon.com/images/I/51-a2L6DsIS._SX679_.jpg,['Sunglasses'],"['Hair', 'Glasses', 'Head', 'Goggles', 'Vision care', 'Sunglasses', 'Eye glass accessory', 'Eyewear', 'Font', 'Tints and shades']"
Mobile phone,https://m.media-amazon.com/images/I/315vs3rLEZL._SY445_SX342_QL70_FMwebp_.jpg,['Mobile phone'],"['Mobile phone', 'Communication Device', 'Rectangle', 'Gadget', 'Portable communications device', 'Telephony', 'Bumper', 'Smartphone', 'Font', 'Electronic device']"
Mobile phone,https://m.media-amazon.com/images/I/411iWoJEJjL._SX300_SY300_QL70_FMwebp_.jpg,{'Mobile phone'},"['Camera', 'Communication Device', 'Portable communications device', 'Camera accessory', 'Gadget', 'Cameras & optics', 'Audio equipment', 'Font', 'Water', 'Camera lens']"
Mobile phone,https://m.media-amazon.com/images/I/41o61kBDGdL._SX300_SY300_QL70_FMwebp_.jpg,['Mobile phone'],"['Mobile phone', 'Telephony', 'Portable communications device', 'Communication Device', 'Sleeve', 'Gesture', 'Mobile device', 'Gadget', 'Smartphone', 'Audio equipment']"
Television,https://m.media-amazon.com/images/I/41D3CoMhLBL._SY300_SX300_QL70_FMwebp_.jpg,{'Television'},"['Rectangle', 'Line', 'Font', 'Automotive lighting', 'Automotive exterior', 'Electric blue', 'Bumper', 'Auto part', 'Magenta', 'Event']"
Television,https://m.media-amazon.com/images/I/41Hpcql9FeL._SY300_SX300_QL70_FMwebp_.jpg,['Television'],"['Computer', 'Output device', 'Television', 'Product', 'Computer monitor', 'Font', 'Television set', 'Sky', 'Computer monitor accessory', 'Display device']"
Television,https://m.media-amazon.com/images/I/41J89vk0tyL._SX300_SY300_QL70_FMwebp_.jpg,{'Television'},"['Font', 'Automotive lighting', 'Rectangle', 'Gadget', 'Fireworks', 'Science', 'Multimedia', 'Logo', 'Graphics', 'Brand']"
Sunglasses,https://m.media-amazon.com/images/I/41bzTrqQByL._SX679_.jpg,['Sunglasses'],"['Glasses', 'Goggles', 'Vision care', 'Sunglasses', 'Eyewear', 'Eye glass accessory', 'Tints and shades', 'Rectangle', 'Automotive design', 'Electric blue']"
Television,https://m.media-amazon.com/images/I/41IDlGFjjbL._SY300_SX300_QL70_FMwebp_.jpg,{'Television'},"['Orange', 'Rectangle', 'Font', 'Line', 'Advertising', 'Logo', 'Brand', 'Fashion accessory', 'Automotive exterior', 'Automotive lighting']"
